1;"berbackene Semmelkn?del, Champigns.";-;-;B;super_user
2;"Andalusische Zucchini, Pree";-;-;B;super_user
3;"Antipastiteller mit Schafsk?se, Jourgeb?ck";-;-;B;super_user
4;"Apfelbiskuit, Vanillesauce";-;-;B;super_user
5;"Apfelstrudel, Vanillesauce";-;-;B;super_user
6;"Asiat. Nudelpfanne";-;-;B;super_user
7;"Asiatisches Reisgericht mit Gemse";-;-;B;super_user
8;"Basilikums., Safranreis, Fenchelgemse";-;-;B;super_user
9;Bechamelkartoffeln;-;-;B;super_user
10;"Broccolipree, Karottenpree, Pree";-;-;B;super_user
11;"Broccolipree, Pree, Fischhachee";-;-;B;super_user
12;"Bunter Salatteller, Httenk?se";-;-;B;super_user
13;"Bunter Salatteller, Httenk?se, Schwarzbrot";-;-;B;super_user
14;"Bunter Salatteller, Httenk?ser, Schwarzbrot";-;-;B;super_user
15;"Burgunderschinken, Becel, SB, WB";-;-;B;super_user
16;"Camembert geb., Kartoffeln";-;-;B;super_user
17;"Champignonragout , Semmelkn?del";-;-;B;super_user
18;"Champignonragout, Semmelkn?del";-;-;B;super_user
19;Champignontoast;-;-;B;super_user
20;"Cordon Bleu, Butterkartoffeln, Preiselb., Zitrone";-;-;B;super_user
21;"Cremespinat, Fischhachee, Pree";-;-;B;super_user
22;"Cremespinat, Putenhachee, Pree";-;-;B;super_user
23;"Di?textra, 10 g Becel, SB, WB";-;-;B;super_user
24;"Di?textra, Becel, SB,WB";-;-;B;super_user
25;"Di?textra, Butter";-;-;B;super_user
26;"Di?textra, Streichk?se";-;-;B;super_user
27;"Di?textra, Streichk?se, Butter";-;-;B;super_user
28;"Di?textra, Streichk?se, MCT-Margarine";-;-;B;super_user
29;"Di?textra, Streichk?se, Schwarzbrot";-;-;B;super_user
30;"Di?textra, Streichk?se, Wei brot";-;-;B;super_user
31;"Di?textra, Streichk?ser, Wei brot";-;-;B;super_user
32;Ebly-Feinweizenrisotto;-;-;B;super_user
33;"Ebly-Weizen m. Gemse, Kr?utersauce";-;-;B;super_user
34;"Ebly-Weizen m. Schinken, Gemse, Kr?utersauce";-;-;B;super_user
35;"Ebly-Weizen m. Schinken, Gemse, lfr Kr?uters.";-;-;B;super_user
36;"Ebly-Weizen, geb. Karotten-Sellerie";-;-;B;super_user
37;"Ebly-Weizenstrudel, Kr?utersauce";-;-;B;super_user
38;"Edamer, Gemsetopfen";-;-;B;super_user
39;"Edamer, Gemsetopfen, Becel";-;-;B;super_user
40;"Edamer, Gemsetopfen, Butter";-;-;B;super_user
41;"Edamer, Gemsetopfen, Butter, glutenfreies Brot";-;-;B;super_user
42;"Edamer, Gemsetopfen, Butter, Schwarzbrot";-;-;B;super_user
43;"Edamer, Gemsetopfen, Schwarzbrot";-;-;B;super_user
44;"Edamer, Gemsetopfen, Vollkornbrot";-;-;B;super_user
45;"Edamer, Gemsetopfen, Wei brot";-;-;B;super_user
46;"Edamer, Httenk?se, Butter";-;-;B;super_user
47;"Edamer, Httenk?se";-;-;B;super_user
48;"Edamer, Httenk?se,  Butter, Schwarzbrot";-;-;B;super_user
49;"Edamer, Httenk?se, 10 g Butter";-;-;B;super_user
50;"Edamer, Httenk?se, Butter";-;-;B;super_user
51;"Edamer, Httenk?se, Butter, glutenfreies Brot";-;-;B;super_user
52;"Edamer, Httenk?se, Butter, SB, WB";-;-;B;super_user
53;"Edamer, Httenk?se, Butter, Wei brot";-;-;B;super_user
54;"Edamer, Httenk?se, Schwarzbrot";-;-;B;super_user
55;"Edamer, Httenk?se, Wei brot";-;-;B;super_user
56;"Edamer, Kr?utertofen, Butter";-;-;B;super_user
57;"Edamer, Kr?utertopf., MCT-Margarine";-;-;B;super_user
58;"Edamer, Kr?utertopfen";-;-;B;super_user
59;"Edamer, Kr?utertopfen, Butter";-;-;B;super_user
60;"Edamer, Kr?utertopfen, Schwarzbrot";-;-;B;super_user
61;"Edamer, Krengervais, Butter, Schwarzbrot";-;-;B;super_user
62;"Edamer, Liptauer";-;-;B;super_user
63;"Edamer, Liptauer,  Butter";-;-;B;super_user
64;"Edamer, Liptauer, 10 g Becel, Schwarzbrot";-;-;B;super_user
65;"Edamer, Liptauer, 10 g Butter, Schwarzbrot";-;-;B;super_user
66;"Edamer, Liptauer, 3 BE Schwarzbrot";-;-;B;super_user
67;"Edamer, Liptauer, Butter";-;-;B;super_user
68;"Edamer, Liptauer, Butter, Schwarzbrot";-;-;B;super_user
69;"Edamer, Liptauer, Schwarzbrot";-;-;B;super_user
70;"Edamer, Liptauer, Wei brot";-;-;B;super_user
71;"Edamer, Streichk?se mager, Weissbrot";-;-;B;super_user
72;"Edamer, Streichk?se, Lipt., Butter, Schwarzbrot";-;-;B;super_user
73;"Edamer, Streichk?se, Liptauer, Becel, Schwarzbrot";-;-;B;super_user
74;"Edamer, Streichk?se, Liptauer, Butter";-;-;B;super_user
75;"Edamer, Streichk?se, Liptauer, Butter, Wei brot";-;-;B;super_user
76;"Edamer, Streichk?se, Liptauer, Schwarzbrot";-;-;B;super_user
77;Eiernudeln;-;-;B;super_user
78;Eiersp?tzle;-;-;B;super_user
79;"Ente gegr. Thail?nd. Art , Asiagemsenudeln";-;-;B;super_user
80;Erd?pfelwirler;-;-;B;super_user
81;"Fa.Laib. K., Naturs., Pree";-;-;B;super_user
82;"Fa.Laib., Natursauce";-;-;B;super_user
83;"Fa.Laib., Natursauce,  Reis";-;-;B;super_user
84;"Fa.Laib., Natursauce, Reis, Erbsen";-;-;B;super_user
85;"Fa.Laib.K., Naturs., Pree, Karott.";-;-;B;super_user
86;"FaLaib K., Naturs., Pree, Zucch.";-;-;B;super_user
87;"FaLaib, Naturs., Pree, Zucchini";-;-;B;super_user
88;"FaLaib. K., Naturs., Pree, Zucch.";-;-;B;super_user
89;"FaLaib. lfr Naturs., lfr Pree, Zucchini";-;-;B;super_user
90;"FaLaib., Naturs., Pree, Zucchini";-;-;B;super_user
91;"FaLaib., Naturs., Pree";-;-;B;super_user
92;"FaLaib., Natursauce, Pree, Zucchini";-;-;B;super_user
93;"Fasch. Laib., Naturs., Pree, Karotten";-;-;B;super_user
94;"Fasch. Laib., Natursauce, Reis";-;-;B;super_user
95;"Fasch.Laib., Naturs., Pree";-;-;B;super_user
96;"Fasch.Laib.Kalb, Natursauce, Pree";-;-;B;super_user
97;"Faschiertes Laib., Natursauce, Reis";-;-;B;super_user
98;"Feine Nudeln, Schonkostsauce, Zucchinipree";-;-;B;super_user
99;"Fischfilet, Dillsauce, Kartoffeln";-;-;B;super_user
100;"Fischfilet, Dillsauce, Kartoffeln, Karotten";-;-;B;super_user
101;"Fischfilet, Dillsauce, Kartoffeln, Karottengemse";-;-;B;super_user
102;"Fischfilet, gfr. Dills., Kartoffeln, Karottengem.";-;-;B;super_user
103;"Fischfilet, lfr Dillsauce, Kartoffeln, Karotten";-;-;B;super_user
104;"Fischhachee, Pree, Broccolipree";-;-;B;super_user
105;"Fischhachee, Pree, Cremespinat";-;-;B;super_user
106;"Fischragout mit Gemsestreifen, Safranreis";-;-;B;super_user
107;"Fleischk?se fein garniert, SB, WB";-;-;B;super_user
108;"Fleischk?se, Bratensauce, Pree, Senf";-;-;B;super_user
109;"Fleischk?se, Pree, Senfragout";-;-;B;super_user
110;"Frankfurter, Senf";-;-;B;super_user
111;"Franz. Salat, gekochte Eier";-;-;B;super_user
112;"Franz.Salat, Schwarzbrot";-;-;B;super_user
113;"Geb. Gemsesu., SB,WB";-;-;B;super_user
114;"Geb. Kaskn?del, warmer Krautsalat";-;-;B;super_user
115;"Geflgelhachee, Pree, Selleriepree";-;-;B;super_user
116;"Geflgelroulade Florentina, Pilzsautee, Reis, Zuckerschoten";-;-;B;super_user
117;"Geflgelhachee, Pree, Selleriepree";-;-;B;super_user
118;"Geflgelsalat mit Joghurt, Sesamsemmel";-;-;B;super_user
119;"Geflgelsalat o. Tom., Butter";-;-;B;super_user
120;"Geflgelsalat o. Tomaten, 10 g Butter";-;-;B;super_user
121;"Geflgelsalat sfr, SB,WB";-;-;B;super_user
122;"Gegrilltes Maishuhn, Sauerrahmdip";-;-;B;super_user
123;"Gekochtes Rindfleisch, Krens., Bratkart.";-;-;B;super_user
124;Gemselasagne;-;-;B;super_user
125;"Gemseeintopf, Kartoffeln";-;-;B;super_user
126;Gemselasagne;-;-;B;super_user
127;"Gemseplatte, Kartoffeln";-;-;B;super_user
128;Gemserisotto;-;-;B;super_user
129;"Gemserisotto o.Schwarzwurzeln";-;-;B;super_user
130;"Gemserisotto, Reibk?se";-;-;B;super_user
131;"Gemsesalat LVK, Weissbrot";-;-;B;super_user
132;"Gemsesalat LVK, Wei brot";-;-;B;super_user
133;"Gemsesalat sfr, 10 g Butter";-;-;B;super_user
134;Gemsetopfen;-;-;B;super_user
135;"Gemsetopfen, 10g Butter";-;-;B;super_user
136;"Gemsetopfen, Httenk?se";-;-;B;super_user
137;"Gemsetopfen, Httenk?se sfr, Butter";-;-;B;super_user
138;"Gerstlsu. m.Selchfl., SB, WB";-;-;B;super_user
139;Gerstlsu.+Selchfl.;-;-;B;super_user
140;"gfr. Fasch. Laibchen , gfr. Naturs., Pree, Zucchini";-;-;B;super_user
141;"gfr. Kartoffelgratin, m. Schinken";-;-;B;super_user
142;"gfr. Nudeln, gfr. Schinkensauce";-;-;B;super_user
143;"gfr. Schinkennud.";-;-;B;super_user
144;"gfr. Schw.Ragout, Reis";-;-;B;super_user
145;"gfr. Schweineschn., gfr. Naturs., Kartoffeln, Karotten";-;-;B;super_user
146;"Glacierte Kalbsstelze, G?rtnerin Art, Farfalle";-;-;B;super_user
147;"glutfr. Kalbsragout, Reis, Broccoli";-;-;B;super_user
148;"glutfr. Nudeln, glutfr. Gemsesugo";-;-;B;super_user
149;"glutfr. Schweinsgeschn., Polenta, Grilltomate";-;-;B;super_user
150;"glutfr. Schweinsragout, Pree, Zucchini";-;-;B;super_user
151;"glutfr. berbackene Polenta";-;-;B;super_user
152;"Gnocchi a la Romana, tomatisiertes Gemse";-;-;B;super_user
153;"Griessauflauf mit ?pfel";-;-;B;super_user
154;"Grie gnocchi, legierte Karotten";-;-;B;super_user
155;"Griessmus, Zimt-Streussse";-;-;B;super_user
156;"Grie mus, Zimt-Streus e";-;-;B;super_user
157;"Grie mus, Zimt-Streus e, zerlassene Butter";-;-;B;super_user
158;"Griessmus, Zimt-Zucker";-;-;B;super_user
159;"Grie mus, Zimt-Zucker";-;-;B;super_user
160;"Grie schmarrn, Zucker";-;-;B;super_user
161;"Gulaschsuppe  mit Frankfurter";-;-;B;super_user
162;"Gulaschsuppe, SB,WB";-;-;B;super_user
163;"Gulaschsuppe, Schwarzbrot";-;-;B;super_user
164;"Hhnerbrust, Paprikasauce,  Reis";-;-;B;super_user
165;"Hhnerbrust, Paprikasauce,  Reis, Broccoli";-;-;B;super_user
166;"Hhnerbrust, Paprikasauce, Reis";-;-;B;super_user
167;"Hhnerbrust, Paprikasauce, Reis, Broccoli";-;-;B;super_user
168;"Hackfleischb?llchen, Tomatensauce, Pree";-;-;B;super_user
169;"Hackfleischb?llchen, Tomatensauce, Pree, ";-;-;B;super_user
170;"Haferbrei, Zimt-Streussse";-;-;B;super_user
171;"Haferbrei, Zimt-Streus e";-;-;B;super_user
172;"Haferbrei, Zimt-Zucker";-;-;B;super_user
173;"Huftsteak, Demi Glace, berbackene Ofenkartoffel";-;-;B;super_user
174;"Hhnerbrust, Paprikasauce, Reis";-;-;B;super_user
175;"Hhnerbrust, Paprikasauce, Reis, Erbsen";-;-;B;super_user
176;"Hhnerbrust, Redcurry-Kokos, Duftreis, ";-;-;B;super_user
177;"Hhnerschnitzel geb., Kartoffeln, Zitrone";-;-;B;super_user
178;"Httenk?se, Butter, Gem.topfen";-;-;B;super_user
179;"Httenk?se, Butter, Kr?utertopfen";-;-;B;super_user
180;"Httenk?se, Edamer, Schwarzbrot";-;-;B;super_user
181;"Httenk?se, Liptauer, Butter, Schwarzbrot";-;-;B;super_user
182;"Httenk?se, Streichk?se, Butter";-;-;B;super_user
183;"Ita. Salat o.Tom., SB, WB";-;-;B;super_user
184;"Ita. Salat o.Tom., Schwarzbrot";-;-;B;super_user
185;"Italienischer Salat, SB+WB";-;-;B;super_user
186;"Italienischer Salat, Schwarzbrot";-;-;B;super_user
187;"Italienischer Salat, Wei brot";-;-;B;super_user
188;"K.braten, Naturs., Reis, LVK Gemse";-;-;B;super_user
189;"K.geschn., Reis, LVK-Gemse";-;-;B;super_user
190;"K.Ragout, Nud. m. Gemsestr.";-;-;B;super_user
191;"K.Ragout, Sp?tzle";-;-;B;super_user
192;"K.Ragout, Sp?tzle m. Gemsestr.";-;-;B;super_user
193;"K.schnitz., Naturs., Eblyweizen, Grilltomate";-;-;B;super_user
194;"K.schnitzel, Natursc., Eblyweizen, Grilltomate";-;-;B;super_user
195;"Kaiserschmarrn, Zwetschkenr?ster";-;-;B;super_user
196;"Kalbsbraten, gfr. Naturs., Kartoffeln, Zucchini";-;-;B;super_user
197;"Kalbsbraten, gfr. Naturs., Pree, Zucchini";-;-;B;super_user
198;"Kalbsbraten, Kr?uters., S.Kn?.";-;-;B;super_user
199;"Kalbsbraten, Kr?uters., S.Kn?., Zucchini";-;-;B;super_user
200;"Kalbsbraten, Kr?utersauce";-;-;B;super_user
201;"Kalbsbraten, Kr?utersauce, S.Kn?., Zucchini";-;-;B;super_user
202;"Kalbsbraten, Kr?utersauce, Semmelkn?del";-;-;B;super_user
203;"Kalbsbraten, lfr Natursauce, Kartoffeln, Zucchini";-;-;B;super_user
204;"Kalbsbraten, lfr Natursauce, lfr Pree, Zucchini";-;-;B;super_user
205;"Kalbsbraten, Natursauce, Gemsereis";-;-;B;super_user
206;"Kalbsbraten, Natursauce, Kartoffeln";-;-;B;super_user
207;"Kalbsbraten, Natursauce, Kartoffeln, Zucchini";-;-;B;super_user
208;"Kalbsbraten, Natursauce, Reis";-;-;B;super_user
209;"Kalbsbraten, Salbeisaft, Kart.gratin, Karot.flan";-;-;B;super_user
210;"Kalbschnitzel, Kr?utersauce, Gemsenudeln";-;-;B;super_user
211;"Kalbsgeschn.  glutfr., Reis, Broccoli";-;-;B;super_user
212;"Kalbsgeschn. Lfr, Kartof., SellerieKarotten";-;-;B;super_user
213;"Kalbsgeschn., Eblyweizen, Karotten";-;-;B;super_user
214;"Kalbsgeschn., Kart., SellerieKarotten";-;-;B;super_user
215;"Kalbsgeschn., Kartof., SellerieKarotten";-;-;B;super_user
216;"Kalbsgeschn., Kartof.,SellerieKarotten";-;-;B;super_user
217;"Kalbsgeschn., Nudeln, Broccoli";-;-;B;super_user
218;"Kalbsgeschn., Nudeln, Karotten";-;-;B;super_user
219;"Kalbsgeschn., Polenta, Grilltomate";-;-;B;super_user
220;"Kalbsgeschn., S.Kn?d., Zucchini";-;-;B;super_user
221;"Kalbsgeschnetz., Eblyweizen, Grilltomate";-;-;B;super_user
222;"Kalbsgeschnetz., Kartof., Sell.Karottengem.";-;-;B;super_user
223;"Kalbsgeschnetz., Sem.kn?d., Grilltom.";-;-;B;super_user
224;"Kalbsgeschnetzeltes, Gemsenudeln";-;-;B;super_user
225;"Kalbsgeschnetzeltes, Kartoffeln";-;-;B;super_user
226;"Kalbsgeschnetzeltes, Nudeln";-;-;B;super_user
227;"Kalbsgeschnetzeltes, Nudeln, Broccoli";-;-;B;super_user
228;"Kalbsgeschnetzeltes, Reis";-;-;B;super_user
229;"Kalbsgeschnetzeltes, Reis, Broccoli";-;-;B;super_user
230;"Kalbshachee,  Pree, Krbispree";-;-;B;super_user
231;"Kalbshachee, Pree, Krbispree";-;-;B;super_user
232;"Kalbshachee, Pree, Karottenpree";-;-;B;super_user
233;"Kalbshachee, Pree, Krbispree";-;-;B;super_user
234;"Kalbsragout Italia, Mandelb?llchen";-;-;B;super_user
235;"Kalbsragout, Reis";-;-;B;super_user
236;"Kalbsragout, Reis, Broccoli";-;-;B;super_user
237;"Kalbsragout, S.Kn?del, Zucchini";-;-;B;super_user
238;"Kalbsragout, Semmelkn?del";-;-;B;super_user
239;"Kalbsrckenfilet, Pilzrahm, Dinkelmaccaroni, Minikarotten";-;-;B;super_user
240;"Kalbsschn., Naturs., Eblyweizen, Karotten";-;-;B;super_user
241;"Kalbsschnitzel , Kr?utersauce,  Gemsenudeln";-;-;B;super_user
242;"Kalbstafelspitz, Rahmsauce mit Schnittlauch, R?stkartoffeln, Blattspinat";-;-;B;super_user
243;"K?rntner K?senudeln, braune Butter";-;-;B;super_user
244;"Karottenflan, Pree, Kr?uters.";-;-;B;super_user
245;"Karottenflan,, Kr?uters., Pree";-;-;B;super_user
246;"Kart.gr. m. Schinken, und Zucchini, Kr?uters.";-;-;B;super_user
247;"Kart.-Kr?uterr?. gef., Blaukraut";-;-;B;super_user
248;"Kart.-Kr?uterr?s. gef., Blaukraut";-;-;B;super_user
249;"Kartof.grat. m. Schin., Kr?utersauce";-;-;B;super_user
250;Kartoffelgratin;-;-;B;super_user
251;"Kartoffelgratin mit Schinken";-;-;B;super_user
252;"Kartoffelgratin mit Zucchini";-;-;B;super_user
253;"Kartoffelgratin mit Zucchini und Schinken";-;-;B;super_user
254;"Kartoffelgratin, m. Schinken";-;-;B;super_user
255;"Kartoffelgr?stl, Schweinefilet, Natursaft";-;-;B;super_user
256;"Kartoffelgulasch mit Gurke";-;-;B;super_user
257;"Kartoffelgulasch mit Wrstl";-;-;B;super_user
258;"Kartoffel-Gurkensalat  , geb. Hhnerfilets, Cocktailsc. Zitrone";-;-;B;super_user
259;"Kartoffellaibchen, geb. Gemsejulienne";-;-;B;super_user
260;"Kartoffeln gefllt, Mischgemse";-;-;B;super_user
261;"Kartoffelpuffer, Knob.Kr?u.dip";-;-;B;super_user
262;"Kartoffelpuffer, Lauchgemse";-;-;B;super_user
263;"Kartoffelstrudel, Krbissauce";-;-;B;super_user
264;"K?se Sp?tzle inkl. R?stzwiebel";-;-;B;super_user
265;"K?sekn?del geb., warmer Krautsalat";-;-;B;super_user
266;"K?sesalat, SB,WB";-;-;B;super_user
267;"K?sesalat, Schwarzbrot";-;-;B;super_user
268;"K?sesalat, Wei brot";-;-;B;super_user
269;"K?sesp?tzle inkl. R?stzwiebel";-;-;B;super_user
270;"K?sesp?tzle, Natursauce";-;-;B;super_user
271;"K?skn?del geb., warmer Krautsalat";-;-;B;super_user
272;"K?nigsberg. Kl?pse gfr., gfr. Kaperns., Gemser.";-;-;B;super_user
273;"K?nigsberg. Kl?pse, Kaperns., Gemsereis";-;-;B;super_user
274;"K?nigsberg. Kl?pse, Kaperns., Reis";-;-;B;super_user
275;"K?nigsberg. Kl?pse, Kapernsauce, Reis";-;-;B;super_user
276;"K?nigsberg. Kl?pse, Rahms., Gemsereis";-;-;B;super_user
277;"K?nigsberg.Kl?pse, Kaperns., Reis";-;-;B;super_user
278;"K?nigsberger Kl?pse lfr, lfr. Kaperns., Gemser";-;-;B;super_user
279;"Krakauer garn., Becel";-;-;B;super_user
280;"Krakauer, Httenk?se, Butter";-;-;B;super_user
281;"Krakauer, Httenk?se, Becel, Schwarzbrot";-;-;B;super_user
282;"Krakauer, Httenk?se, Schwarzbrot";-;-;B;super_user
283;"Krakauer, Kr?utertopfen, Becel, Schwarzbrot";-;-;B;super_user
284;"Krakauer, Kr?utertopfen, Butter";-;-;B;super_user
285;"Krakauer, Kr?utertopfen, Schwarzbrot";-;-;B;super_user
286;"Krakauer, Schwarzbrot, Httenk?se, Butter";-;-;B;super_user
287;"Kr?uterreis, geb. Karott Broccoli";-;-;B;super_user
288;"Kr?uterreis, geb. Karott. Broccoli";-;-;B;super_user
289;"Kr?utertopfen, Butter, SB+WB";-;-;B;super_user
290;"Kr?utertopfen, Httenk?., 10g Butter";-;-;B;super_user
291;"Kr?utertopfen, Httenk?., Butter, Schwarzbrot";-;-;B;super_user
292;"Kr?utertopfen, Httenk?se, Butter";-;-;B;super_user
293;"Kr?utertopfen, SB, WB, Httenk. sfr, 10 g Butter";-;-;B;super_user
294;"Kr?utertopfen, Schwarzbrot, Httenk?se, Butter";-;-;B;super_user
295;"Kr?utertopfen, Streichk?se, Liptauer, Butter, Schwarzbrot";-;-;B;super_user
296;Krautfleckerl;-;-;B;super_user
297;"Krautstrudel, Kartoffeln";-;-;B;super_user
298;"Krbispudding, Pree";-;-;B;super_user
299;"Krbispudding, Rahms. o. Kr?uter";-;-;B;super_user
300;"Krbis-Zucchini-Aufl., Kartoffeln";-;-;B;super_user
301;"Lachsf. ged., Kartoffel, Krbiss.,Mischgemse";-;-;B;super_user
302;"Lachsfi. ged., Kartoffel, Krbiss,Mischgemse";-;-;B;super_user
303;"Lachsfilet ged., Krbissauce, Kartoffeln";-;-;B;super_user
304;"Lachsfilet ged., Krbissauce, Kartoffeln";-;-;B;super_user
305;"Lachsfilet, Basilikums., Kartoffeln, Fenchelgem.";-;-;B;super_user
306;"Lachsfilet, Basilikums., Safranreis";-;-;B;super_user
307;"Lachsfilet, Basilikums., Safranreis, Fenchelgem.";-;-;B;super_user
308;"Lachsfilet, Dillsauce, 2 BE Kartoff.";-;-;B;super_user
309;"Lachsfilet, Dillsauce, Kartoffeln";-;-;B;super_user
310;"Lachsfilet, Dillsauce, Kartoffeln, Broccoli";-;-;B;super_user
311;"Lachsfilet, Dillsauce, Kartoffeln, Karotten";-;-;B;super_user
312;"Lachsfilet, Kartoffeln, C.Spinat";-;-;B;super_user
313;"Lachsforellenfilet, Sce. Holland., Kartoff.";-;-;B;super_user
314;"Lammkeule gebr., Polenta, Spinatsockel";-;-;B;super_user
315;Lasagne;-;-;B;super_user
316;"Lauchkuchen, Kartoffeln";-;-;B;super_user
317;"Lauchkuchen, Samtsauce, Pree";-;-;B;super_user
318;"Letschogem., Reis";-;-;B;super_user
319;"lfr Eiernudeln";-;-;B;super_user
320;"lfr Kalbsgeschn., Reis, Broccoli";-;-;B;super_user
321;"lfr Kalbsragout, Reis, Broccoli";-;-;B;super_user
322;"lfr Schweinsgeschn., Polenta, Grilltomate";-;-;B;super_user
323;"lfr Schweinsragout, lfr Pree, Zucchini";-;-;B;super_user
324;"Liptauer, Butter";-;-;B;super_user
325;"Liptauer, Edamer, Becel, Schwarzbrot";-;-;B;super_user
326;"Liptauer, Edamer, Butter, SB, WB";-;-;B;super_user
327;"Liptauer, Edamer, Butter, Schwarzbrot";-;-;B;super_user
328;"Liptauer, Edamer, Butter, Wei brot";-;-;B;super_user
329;"Liptauer, Edamer, Schwarzbrot";-;-;B;super_user
330;"LVK Gemsepl., Kartoffeln";-;-;B;super_user
331;"Maccaroni, Arrabbiata";-;-;B;super_user
332;"Maccaroni, Arrabbiata";-;-;B;super_user
333;"Magerk?se, Gemsetopfen";-;-;B;super_user
334;"Magerk?se, Gemsetopfen, Wei brot";-;-;B;super_user
335;"Magerk?se, Httenk?se";-;-;B;super_user
336;"Magerk?se, Httenk?se, MCT-Marg.";-;-;B;super_user
337;"Magerk?se, Httenk?se, Wei brot";-;-;B;super_user
338;"Magerk?se, Kr?uterto., Wei brot";-;-;B;super_user
339;"Magerk?se, Kr?utertopf., 10 g Butter";-;-;B;super_user
340;"Magerk?se, Kr?utertopfen, Schwarzbrot";-;-;B;super_user
341;"Magerk?se, SB, WB, Kr?utertopfen, MCT-Marg.";-;-;B;super_user
342;"Magerk?se, Schwarzbrot, Kr?utertopfen, 10 g Becel";-;-;B;super_user
343;"Magerk?se, Streichk?se";-;-;B;super_user
344;"Magerk?se, Streichk?se, MCT-Margarine";-;-;B;super_user
345;"Magerk?se, Streichk?se, Schwarzbrot";-;-;B;super_user
346;"Magerk?se,Gemsetopf., MCT-Margarine";-;-;B;super_user
347;"Maisgriessmus, Zimt-Streussse";-;-;B;super_user
348;"Maisgrie mus, Zimt-Streus e";-;-;B;super_user
349;"Maisgriessmus, Zimt-Zucker";-;-;B;super_user
350;"Maisgrie mus, Zimt-Zucker";-;-;B;super_user
351;Maispizza;-;-;B;super_user
352;Marillenpalatschinken;-;-;B;super_user
353;"Milchreis, Zimt-Streussse";-;-;B;super_user
354;"Milchreis, Zimt-Streus e";-;-;B;super_user
355;"Milchreis, Zimt-Zucker";-;-;B;super_user
356;"Mozzarella , Essig/?l";-;-;B;super_user
357;"Mozzarella , Essig/?l, SB, WB";-;-;B;super_user
358;"Mozzarella , Essig/?l, Wei brot";-;-;B;super_user
359;"Mozzarella, Essig / ?l sfr";-;-;B;super_user
360;"Mozzarella, Essig und ?l";-;-;B;super_user
361;"Mozzarella, Essig und ?l, Weissbrot";-;-;B;super_user
362;"Mozzarella, Essig/?l, Schwarzbrot";-;-;B;super_user
363;"Mozzarella, Essig/?l, Wei brot";-;-;B;super_user
364;"Natursauce, Pree, Schweineschnitzel";-;-;B;super_user
365;"Nudelauflauf mit Gemse";-;-;B;super_user
366;"Nudeln  mit Pilzragout";-;-;B;super_user
367;"Nudeln , Gemsesugo";-;-;B;super_user
368;"Nudeln mit Pilzragout";-;-;B;super_user
369;"Nudeln mit Pilzrgout";-;-;B;super_user
370;"Nudeln mit, Schinkensauce";-;-;B;super_user
371;"Nudeln, Gemsesugo";-;-;B;super_user
372;"Nudeln, lfr Gemsesugo";-;-;B;super_user
373;"Nudeln, lfr Schinkensauce";-;-;B;super_user
374;"Nudeln, Pfifferling-Lauchragout";-;-;B;super_user
375;Nudeln+Schinken.;-;-;B;super_user
376;"Nudelsalat sfr, SB, WB";-;-;B;super_user
377;"Nudelsalat SK, Wei brot";-;-;B;super_user
378;"Ofenkartoffel, Knoblauchs.";-;-;B;super_user
379;"Ofenkartoffeln, Joghurts.";-;-;B;super_user
380;"Ofenkartoffeln, Knoblauchs.";-;-;B;super_user
381;"Ofenkartoffeln, Knoblauchs., Gemse pikant";-;-;B;super_user
382;"Paprikarisotto mit Jungzwiebel, Saiblingsfilet";-;-;B;super_user
383;"Pariser, Ht.k?se, Butter, glutenfreies Brot";-;-;B;super_user
384;"Pariser, Httenk?se, Butter";-;-;B;super_user
385;"Pariser, Httenk?se, Schwarzbrot";-;-;B;super_user
386;"Pariser, Httenk?se, Wei brot";-;-;B;super_user
387;"Pariser, Krengerv., Butter, Wei brot";-;-;B;super_user
388;"Parmaschinkenplatte, Ciabatta";-;-;B;super_user
389;"Pellkartoffeln, Butter, Kr?utertopfen";-;-;B;super_user
390;"Pellkartoffeln, Butter, Liptauer";-;-;B;super_user
391;"Pellkartoffeln, Kr?utertopfen, Butter";-;-;B;super_user
392;"Penne, lfr Tomatens.";-;-;B;super_user
393;"Pfefferlyoner, Emmentaler, Butter";-;-;B;super_user
394;"Topfenauflauf m. Pfirsichfilets";-;-;B;super_user
395;"Piccata Milanese, Spaghetti , Tomatensauce";-;-;B;super_user
396;"Pilzrisotto mit , Garnelenspie ";-;-;B;super_user
397;"Polenta berbacken";-;-;B;super_user
398;"Polenta berbacken, Tomatensauce";-;-;B;super_user
399;"Polenta, Broccolipree, Schwarzwurzelpree";-;-;B;super_user
400;"Polenta, berbacken";-;-;B;super_user
401;"Polentabrei, Zimt-Zucker";-;-;B;super_user
402;"Polentabrei, Zimt-Zucker,";-;-;B;super_user
403;"Polentalaibchen, geb. Broccoli";-;-;B;super_user
404;"Putenbrust , glfr. Naturs., Safranreis, Broccoli";-;-;B;super_user
405;"Putenbrust , lfr Naturs., Reis";-;-;B;super_user
406;"Putenbrust , Natursauce, Reis";-;-;B;super_user
407;"Putenbrust , Natursauce, Safranreis";-;-;B;super_user
408;"Putenbrust , Natursauce, Safranreis, Karotten";-;-;B;super_user
409;"Putenbrust gebraten, Natursauce, Safranreis";-;-;B;super_user
410;"Putenbrust, Naturs., Safranreis, Broccoli";-;-;B;super_user
411;"Putenbrust, Naturs., Safranreis, Karotten";-;-;B;super_user
412;"Putenbrust, Natursauce, Safranreis, Broccoli";-;-;B;super_user
413;"Putengeschnetzeltes, Nudeln, Karotten";-;-;B;super_user
414;"Putengeschnetzeltes, Nudeln, Mischgemse";-;-;B;super_user
415;"Putenhachee, Pree, Cremespinat";-;-;B;super_user
416;"Putenhachee, Pree, Karottenpree";-;-;B;super_user
417;"Putenkrak., Becel, SB, WB";-;-;B;super_user
418;"PutenKrakauer, 10 g Becel";-;-;B;super_user
419;"PutenKrakauer, 10 g Butter";-;-;B;super_user
420;"PutenKrakauer, Butter, Schwarzbrot";-;-;B;super_user
421;"Putenkrakauer, Gemsesalat, Butter";-;-;B;super_user
422;"PutenKrakauer, Gemsesalat LVK";-;-;B;super_user
423;"PutenKrakauer, Gemsesalat LVK, Schwarzbrot";-;-;B;super_user
424;"PutenKrakauer, Gemsesalat, Schwarzbrot";-;-;B;super_user
425;"PutenKrakauer, Kr?utertopfen,  Butter";-;-;B;super_user
426;"PutenKrakauer, Kr?utertopfen, 10g Butter";-;-;B;super_user
427;"PutenKrakauer, Kr?utertopfen, Butter, Wei brot";-;-;B;super_user
428;"PutenKrakauer, Magerk?se, MCT-Marg., SB, WB";-;-;B;super_user
429;"PutenKrakauer, Magerk?se, Schwarzbrot";-;-;B;super_user
430;"PutenKrakauer, Magerk?se, Wei brot";-;-;B;super_user
431;"PutenKrakauer, MCT-Margarine";-;-;B;super_user
432;"PutenKrakauer, SB, WB, Kr?utertopfen, 10g Butter";-;-;B;super_user
433;"PutenKrakauer, Schwarzbrot, Kr?utertopfen, 10g Butter";-;-;B;super_user
434;"PutenKrakauer, Wei brot, Kr?utertopfen, 10g Butter";-;-;B;super_user
435;"Putenschnitzel geb., Kartoffeln, Preiselb., Zitrone";-;-;B;super_user
436;"Putenschnitzel geb., Kartoffeln, Zitrone, Preiselbeeren";-;-;B;super_user
437;"Putenschnitzel lfr Natursauce, Nudeln, Mischgemse";-;-;B;super_user
438;"Putenschnitzel, gfr. Naturs., glutfr. Nudeln";-;-;B;super_user
439;"Putenschnitzel, glutfr., Naturs., glutfr. Nudeln, Karotten";-;-;B;super_user
440;"Putenschnitzel, lfr Naturs., Nudeln, Karotten";-;-;B;super_user
441;"Putenschnitzel, lfr Natursc., Nudeln, Karotten";-;-;B;super_user
442;"Putenschnitzel, Naturs., Nudeln";-;-;B;super_user
443;"Putenschnitzel, Naturs., Nudeln, Karotten";-;-;B;super_user
444;"Putenschnitzel, Naturs., Nudeln, Mischgemse";-;-;B;super_user
445;"Putenschnitzel, Natursauce, Nudeln";-;-;B;super_user
446;"Putenschnitzel, Natursauce, Nudeln, Karotten";-;-;B;super_user
447;"Putenschnitzel, Natursauce, Nudeln, Mischgemse";-;-;B;super_user
448;"Putensschnitzel, glutfr. Natursc., glutfr. Nudeln, Karotten";-;-;B;super_user
449;"Putensteak, gfr. Naturs., Reis";-;-;B;super_user
450;"Putensteak, Kr?uters., Gemser.";-;-;B;super_user
451;"Putensteak, Kr?utersauce, Gemsereis";-;-;B;super_user
452;"Putensteak, lfr Naturs., Reis, Mischgem.";-;-;B;super_user
453;"Putensteak, Naturs.,  Reis, Mischgemse";-;-;B;super_user
454;"Putensteak, Naturs., Reis, Mischgemse";-;-;B;super_user
455;"R?ucherfischteller, Kornspitz";-;-;B;super_user
456;"Reisauflauf mit Pfirsichfilets";-;-;B;super_user
457;"Reisauflauf mit, Pfirsichfilets";-;-;B;super_user
458;"Rindfleisch Strog. mit Paprikastreifen und Champ., Sp?tzle";-;-;B;super_user
459;"Rindfleischsalat  mit Pflcksalat";-;-;B;super_user
460;"Rindsbra., Wurzelsauce, Nudeln";-;-;B;super_user
461;"Rindsbraten, Gemses.,  Polenta";-;-;B;super_user
462;"Rindsbraten, Gemses., Polenta";-;-;B;super_user
463;"Rindsbraten, Wurzelsauce, Nudeln";-;-;B;super_user
464;"Rindsbraten, Wurzelsc., Nudeln";-;-;B;super_user
465;"Rindsgulasch, Semmelkn?del";-;-;B;super_user
466;"Rindsra., Gurkens., Pree";-;-;B;super_user
467;"Rindsra., Gurkens., Sp?tzle";-;-;B;super_user
468;"Rindsragout m. Chilli&kreuzkm , gebr. Couscous  glac.Paprikaw";-;-;B;super_user
469;"Rindsv?gerl gefllt mit , Karotten, Zwiebeln u. Speck Buttersp?tzle";-;-;B;super_user
470;"Roastbeefteller, Kalter Braten, Sauce. Tartare";-;-;B;super_user
471;"Roastbeefteller, Sauce Tartare";-;-;B;super_user
472;"Rollschink., Krens., Kartoffeln, Wirsing";-;-;B;super_user
473;"Rollschinken, Krens.";-;-;B;super_user
474;"Rollschinken, Krens., Kartoffeln";-;-;B;super_user
475;"Rollschinken, Krens., Kartoffeln, Wirsing";-;-;B;super_user
476;"Rostbraten, Zwiebelsauce, Farfalle, Speckbohnen";-;-;B;super_user
477;"R?sti gefllt, Blaukraut";-;-;B;super_user
478;"R?sti berbacken";-;-;B;super_user
479;"R?stkartoffeln, C.Spinat, Rhrei";-;-;B;super_user
480;"R?stkartoffeln, Dillfisolen";-;-;B;super_user
481;"Rhrei, Pree, glutfr. C.Spinat";-;-;B;super_user
482;"Rhrei, Pree, Cremespinat";-;-;B;super_user
483;"Rhrei, Pree, glutfr. Cremespinat";-;-;B;super_user
484;Safran-Gemse-Risotto;-;-;B;super_user
485;"Salatplatte, Httenk?se";-;-;B;super_user
486;"Salatplatte, Kr?utertopfen, Vollkornbrot";-;-;B;super_user
487;"Salatteller, Kr?utertopfen, SB+WB";-;-;B;super_user
488;"Salatteller, Kr?utertopfen, Schwarzbrot";-;-;B;super_user
489;"Saltimbocca mit Salbeisauce, Linguine-Nudeln, mediter.Gem.";-;-;B;super_user
490;"Saunaschinken, Becel, SB,WB";-;-;B;super_user
491;"Saunaschinken, Edamer, Becel";-;-;B;super_user
492;"Saunaschinken, Edamer, Butter";-;-;B;super_user
493;"Saunaschinken, Edamer, Schwarzbrot";-;-;B;super_user
494;"Saunaschinken, Streichk?se, 10 g Butter";-;-;B;super_user
495;"Saunaschinken, Streichk?se, Schwarzbrot";-;-;B;super_user
496;"Saunaschinken, Streichk?se,10 g Becel, Schwarzbrot";-;-;B;super_user
497;"Saure Wurst / Extra, Schwarzbrot";-;-;B;super_user
498;"Saure Wurst m. Extra, SB,WB";-;-;B;super_user
499;"Scheiterhaufen, ohne Rosinen";-;-;B;super_user
500;"Scheiterhaufen, Vanillesauce";-;-;B;super_user
501;"Schinken, Becel";-;-;B;super_user
502;"Schinken, Edamer, Butter, SB, WB";-;-;B;super_user
503;"Schinken, glutenfreies Brot, Kr?utertopfen, Butter";-;-;B;super_user
504;"Schinken, Httenk?se, MCT-Margarine, SB+WB";-;-;B;super_user
505;"Schinken, Httenk?se, Schwarzbrot";-;-;B;super_user
506;"Schinken, Kr?utertopfen";-;-;B;super_user
507;"Schinken, Kr?utertopfen, Butter, SB+WB";-;-;B;super_user
508;"Schinken, Kr?utertopfen, Butter, Vollkornbrot";-;-;B;super_user
509;"Schinken, Kr?utertopfen, SB+WB";-;-;B;super_user
510;"Schinken, Kr?utertopfen, Schwarzbrot";-;-;B;super_user
511;"Schinken, Kr?utertopfen, Wei brot";-;-;B;super_user
512;"Schinken, Putenkrak., Butter, glutenfreies Brot";-;-;B;super_user
513;"Schinken, Putenkrak., MCT-Margarine";-;-;B;super_user
514;"Schinken, Putenkrak., Schwarzbrot";-;-;B;super_user
515;"Schinken, Putenkrak., Wei brot";-;-;B;super_user
516;"Schinken, PutenKrakauer, Butter";-;-;B;super_user
517;"Schinken, Vollkornbrot, Kr?utertopfen, Becel";-;-;B;super_user
518;"Schinkenhachee, Pree, Zucchinipree";-;-;B;super_user
519;"Schinken-K?sesalat, Baguette";-;-;B;super_user
520;Schinkennudeln;-;-;B;super_user
521;"Schinkenplatte, Becel, SB WB";-;-;B;super_user
522;"Schinkenplatte, Becel, SB, WB";-;-;B;super_user
523;Schinkensp?tzle;-;-;B;super_user
524;"Schinkenw., Butter, Streichk?se mag.";-;-;B;super_user
525;"Schinkenw., Streichk?se., MCT-Margarine";-;-;B;super_user
526;"Schinkenwurst, 10 g Becel";-;-;B;super_user
527;"Schinkenwurst, Becel, SB, WB";-;-;B;super_user
528;"Schinkenwurst, Butter, Streichk?se mag., glutenfreies Brot";-;-;B;super_user
529;"Schinkenwurst, Butter, Wei brot";-;-;B;super_user
530;"Schinkenwurst, Streichk?se";-;-;B;super_user
531;"Schinkenwurst, Streichk?se, Schwarzbrot";-;-;B;super_user
532;"Schinkenwurst, Streichk?se, Weissbrot";-;-;B;super_user
533;"Schlutzkrapfen, Petersilsauce";-;-;B;super_user
534;"Schlutzkrapfen, Tomatensauce";-;-;B;super_user
535;"Schnittk?se, Kr?utertopf., 10 g Butter, Schwarzbrot";-;-;B;super_user
536;"Schnittk?se, Kr?utertopf., Schwarzbrot, Streichk?se, 10 g Butter";-;-;B;super_user
537;"Schnittk?se, Kr?utertopfen, Schwarzbrot";-;-;B;super_user
538;"Schnittk?se, Kr?utertopfen, Streichk?se, Butter, SB, WB";-;-;B;super_user
539;"Schnittk?se, Streichk?se, 10 g Butter, WB";-;-;B;super_user
540;"Schnittk?se, Streichk?se, Butter, glutenfreies Brot";-;-;B;super_user
541;"Schnittk?se, Streichk?se, Butter, SB, WB";-;-;B;super_user
542;"Schnittk?se, Streichk?se, Kr?utertopfen, Schwarzbrot";-;-;B;super_user
543;"Schnittk?se, Streichk?se, Schwarzbrot";-;-;B;super_user
544;"Schnittk?se, Streichk?se, Wei brot";-;-;B;super_user
545;"Schnittk?se,, Streichk?se, Wei brot";-;-;B;super_user
546;"Schnittk?seplatte, SB, WB";-;-;B;super_user
547;"Schnittk?seplatte, Schwarzbrot";-;-;B;super_user
548;"Schopfbr. Bauernart, Semmelkn.";-;-;B;super_user
549;"Schw.medaillon, Pf.sauce, R?sti, Vichykarotten";-;-;B;super_user
550;"Schw.Ragout lfr, Sp?tzle m. Gemsestr.";-;-;B;super_user
551;"Schw.Ragout, Sp?tzle";-;-;B;super_user
552;"Schw.Ragout, Sp?tzle m. Gemsestr.";-;-;B;super_user
553;"Schw.schnitz., glfr.Naturs., Reis, Grilltomate";-;-;B;super_user
554;"Schw.schnitz., lfr  Naturs., Eblyweizen, Grilltomate";-;-;B;super_user
555;"Schw.schnitz., Naturs., Eblyweizen";-;-;B;super_user
556;"Schw.schnitz., Naturs., Eblyweizen, Grilltomate";-;-;B;super_user
557;"Schw.schnitz., Natursc., Eblyweizen, Grilltomate";-;-;B;super_user
558;"Schweinefilet, Natursaft, Schupfnud., Broccoliflan";-;-;B;super_user
559;"Schweinegeschn., Polenta";-;-;B;super_user
560;"Schweinercken Bauernart, Semmelkn?del,";-;-;B;super_user
561;"Schweinercken , Bauerna., S.Kn?d.";-;-;B;super_user
562;"Schweinercken, Bauernart, S.Kn?d.";-;-;B;super_user
563;"Schweiner., lfr Naturs., Nudeln, Karotten";-;-;B;super_user
564;"Schweiner., Naturs., Nudeln, Karotten";-;-;B;super_user
565;"Schweiner., Naturs.gfr., gfr. Nudeln, Karotten";-;-;B;super_user
566;"Schweiner.,Naturs., Nudeln, Karotten";-;-;B;super_user
567;"Schweinercken , Naturs., Nudeln, Karotten";-;-;B;super_user
568;"Schweinercken, Naturs., Nudeln";-;-;B;super_user
569;"Schweinercken, Naturs., Nudeln, Karotten";-;-;B;super_user
570;"Schweineschn, Natursc., Pree";-;-;B;super_user
571;"Schweineschn., lfr Natsc., Eblyweizen, Karotten";-;-;B;super_user
572;"Schweineschn., Naturs., Eblyweizen";-;-;B;super_user
573;"Schweineschn., Naturs., Eblyweizen, Karotten";-;-;B;super_user
574;"Schweineschn., Naturs., Pree  Erbsen";-;-;B;super_user
575;"Schweineschn., Natursc., Pree, Erbsen";-;-;B;super_user
576;"Schweineschn., Rahms., Nudeln, Karotten";-;-;B;super_user
577;"Schweineschnitz., Naturs., Eblyweizen, Karotten";-;-;B;super_user
578;"Schweineschnitzel, gfr. Naturs., gfr. Gemsenudeln";-;-;B;super_user
579;"Schweineschnitzel, Kr?uters. Gemsenudeln";-;-;B;super_user
580;"Schweineschnitzel, Kr?utersauce, Gemsenudeln";-;-;B;super_user
581;"Schweineschnitzel, lfr Kr?utersauce, Gemsenudeln";-;-;B;super_user
582;"Schweineschnitzel, Rahms., Nudeln";-;-;B;super_user
583;"Schweineschnitzel, Rahmsauce, Pree, Erbsen";-;-;B;super_user
584;"Schweineschnn, Naturs., Pree Erbsen";-;-;B;super_user
585;"Schweinsgeschn., Polenta";-;-;B;super_user
586;"Schweinsgeschn., Polenta, Grilltomate";-;-;B;super_user
587;"Schweinsragout, Polenta";-;-;B;super_user
588;"Schweinsragout, S.Kn?del, Zucchini";-;-;B;super_user
589;"Schweinsragout, Semmelkn?del";-;-;B;super_user
590;"Schweinsschn., Naturs.,  Eblyweizen, Karotten";-;-;B;super_user
591;"Schweinsschn., Naturs., Eblyweizen, Karotten";-;-;B;super_user
592;"Schweinsschnitzel, Kr?utersauce, Nudeln";-;-;B;super_user
593;"Schweinsschnitzel, Kr?utersc., Gemsenudeln";-;-;B;super_user
594;"Seehecht, Dillsauce, Kartoffeln";-;-;B;super_user
595;"Seehecht, Dillsauce, Kartoffeln, Broccoli";-;-;B;super_user
596;"Seehecht, lfr.Basilikumsauce, Safranreis, Fenchelgem.";-;-;B;super_user
597;"Seehechtf. lfr. Krbissc., Kartoffeln, Mischge.";-;-;B;super_user
598;"Seehechtf., Basilikums., Safranr., Fenchelgem.";-;-;B;super_user
599;"Seehechtf., Krbiss., Kartoffeln, MischGemse";-;-;B;super_user
600;"Seehechtfilet ged., Kartoffeln, C.Spinat";-;-;B;super_user
601;"Seehechtfilet ged., Krbissauce, Kartoffeln";-;-;B;super_user
602;"Seehechtfilet ged., Krbissauce, Kartoffeln, MischGemse";-;-;B;super_user
603;"Seehechtfilet, Basilikums., Kartoffeln";-;-;B;super_user
604;"Seehechtfilet, Basilikums., Safranreis";-;-;B;super_user
605;"Seehechtfilet, Basilikums., Safranreis, Fenchelgemse";-;-;B;super_user
606;"Seehechtfilet, Basilikumsauce, Kartoffeln, Fenchelgem.";-;-;B;super_user
607;"Seehechtfilet, Basilikumsauce, Safranreis";-;-;B;super_user
608;"Seehechtfilet, Dillsauce, Kartoffeln";-;-;B;super_user
609;"Seehechtfilet, glfr. Basilikums., Safranreis";-;-;B;super_user
610;"Seehechtfilet, Krbissc, MischGemse, Kartoffeln";-;-;B;super_user
611;"Seehechtfilet, Kartoffel, C.Spinat";-;-;B;super_user
612;"Seehechtfilet, Kartoffeln, C.Spinat";-;-;B;super_user
613;"Seehechtfilet, Kr?uters., Kartoff.";-;-;B;super_user
614;"Seehechtfilet, Kr?uters., Kartoffeln";-;-;B;super_user
615;"Seehechtfilet, Kr?uters., Kartoffeln, Zucchini";-;-;B;super_user
616;"Seehechtfilet, Kr?utersauce,  Kartoffel, Zucchini";-;-;B;super_user
617;"Seehechtfilet, Kr?utersauce, Kartoffeln";-;-;B;super_user
618;"Seehechtfilet, Krbissauce, Kartoffeln, Mischgemse";-;-;B;super_user
619;"Seehechtfilet, MischGemse, gfr. Krbiss., Kartoffeln";-;-;B;super_user
620;"Seehechtfilet, MischGemse, Krbissauce, Kartoffeln";-;-;B;super_user
621;"Seehechtfilet, Mischgemse, Krbissauce, Kartoffeln";-;-;B;super_user
622;"Seelachs gebacken, Sauce Tartare, Kartoffeln";-;-;B;super_user
623;"Seelachs gebacken, Sauce. Tart., Zitrone, Kartoffeln";-;-;B;super_user
624;"Gerstlsuppe m. Selchfleisch";-;-;B;super_user
625;"Selchschinken, steir. Kren, Senf, Vollkornbrot";-;-;B;super_user
626;"Sell.schnitz. geb., Sauce Remoulade Kartoffeln";-;-;B;super_user
627;"Semmelkn?delscheibe berb., Champigns.";-;-;B;super_user
628;"Spaghetti, Gemsesugo";-;-;B;super_user
629;"Sp?tzle, Gemses.";-;-;B;super_user
630;"Sp?tzle, Paprikarahmsauce";-;-;B;super_user
631;"Sp?tzle, Paprika-Rahmsauce";-;-;B;super_user
632;Sp?tzle+Schinken.;-;-;B;super_user
633;Sp?tzle+Schinkens.;-;-;B;super_user
634;Sp?tzlepfanne;-;-;B;super_user
635;"Sp?tzlepfanne m. Gems, und Kr?uter";-;-;B;super_user
636;"Sp?tzlepfanne m. Gemse, und Kr?uter";-;-;B;super_user
637;"Sp?tzlepfanne m. Gemse, und Kr?uter ";-;-;B;super_user
638;"Sp?tzlepfanne, Gemsesauce";-;-;B;super_user
639;"Sp?tzlepfanne, Pilzgemsesauce";-;-;B;super_user
640;"Sp?tzlepfanne, Pilz-Gemsesauce";-;-;B;super_user
641;"Spinatkn?del, Butter zerl., Reibk?se";-;-;B;super_user
642;"Spinatkn?del, Butter, K?se";-;-;B;super_user
643;Spinatlasagne;-;-;B;super_user
644;"Spinatnocken, Krbissauce";-;-;B;super_user
645;"Spinatnocken, lfr Krbissauce";-;-;B;super_user
646;"Spinatstrudel, Kartoffeln";-;-;B;super_user
647;"Spinatstrudel, Rahms.o.Kr?ut., Kartoff.";-;-;B;super_user
648;"Steir. Nudelpfa. m. Krbiskernen, an Wildlachsmedaillon";-;-;B;super_user
649;"Steir. Wurzelfleisch, Kmmelkartoffel";-;-;B;super_user
650;"Steir. Wurzelfleisch, Kmmelkartoffeln";-;-;B;super_user
651;"Steirisches Backhendl, Kartoffel-Vogerlsalat";-;-;B;super_user
652;"Streichk?se, Schwarzbrot, Kr?utertopfen, 10 g Butter";-;-;B;super_user
653;"Thunfischaufstr, Kr?uterto, Burgunderschinken";-;-;B;super_user
654;"Thunfischsalat Nizza, Butter";-;-;B;super_user
655;"Tiroler Gr?stl mit gebr. Schweinefilet";-;-;B;super_user
656;"Tiroler Speckteller, Graukas, Butter";-;-;B;super_user
657;"Tomaten+Mozzarella, Basilikum-Oliven?l";-;-;B;super_user
658;"Tomatenfleisch glfr., Polenta, Schwarzwurzeln";-;-;B;super_user
659;"Tomatenfleisch, lfr., Polenta";-;-;B;super_user
660;"Tomatenfleisch, Polenta, Schwarzwurzeln";-;-;B;super_user
661;"Topfenauflauf  mit Pfirsich";-;-;B;super_user
662;"Topfenauflauf mit Pfirsich";-;-;B;super_user
663;"Topfenauflauf mit, Pfirsich";-;-;B;super_user
664;"Topfenauflauf, o. Fruchtstcke o.Zu";-;-;B;super_user
665;"Tortellini m. Ricotta, Kerbelsauce";-;-;B;super_user
666;"Tortellini m. Spinatf., Schinkensauce";-;-;B;super_user
667;"Tortellini m. Spinatf., Schinkensauce, K?se";-;-;B;super_user
668;"Tortellini m. Spinatf., Tomatensauce";-;-;B;super_user
669;"Tortellini m., Ricotta, Kerbelsauce";-;-;B;super_user
670;"Tortellini m.Ric./Spinatf., Kerbelsauce";-;-;B;super_user
671;"Tortellini m.Ricotta, Kerbelsauce";-;-;B;super_user
672;"Tortellini m.Spinatf., Schinkensauce";-;-;B;super_user
673;"Tortellini Prima Vera mit Trffel?l";-;-;B;super_user
674;"berb. Polentaecken m., pikanter Chorizowurst, schw. Bohnen";-;-;B;super_user
675;"berb. Schw.schnitzel, Toscana, Rahmsauce, Pree, sun-dried Tomato";-;-;B;super_user
676;"berb. Semmelkn?del, Champign.s.";-;-;B;super_user
677;"berb. Semmelkn?del, Champigns.";-;-;B;super_user
678;"Wachar Butterschnitzel, Rahmsauce, Pree";-;-;B;super_user
679;"Wiener Schnitzel v. Kalb, Kartoffelsalat, Zitrone";-;-;B;super_user
680;"Wienerwurst, Tomate, Essiggurkerl, Butter";-;-;B;super_user
681;Wurst-Gemsesalat;-;-;B;super_user
682;"Wurst-Gemsesalat,  Wei brot";-;-;B;super_user
683;"Wurst-Gemsesalat, SB,WB";-;-;B;super_user
684;"Wurst-Gemsesalat, Schwarzbrot";-;-;B;super_user
685;"Wurst-Gemsesalat, Wei brot";-;-;B;super_user
686;Wurstnudeln;-;-;B;super_user
687;"Wurstsalat mit wenig Gemse";-;-;B;super_user
688;"Wurstsalat mit wenig Gemse, Wei brot";-;-;B;super_user
689;"Wurstsalat, SB, WB";-;-;B;super_user
690;"Wurstsalat, Schwarzbrot";-;-;B;super_user
691;"Zanderfilet , auf Zitronengrassauce mit Lauchspaghetti";-;-;B;super_user
692;"Zucchiniaufl., Kartoff., Basilikum-Kr?uters.";-;-;B;super_user
693;"Zucchinipree, 2 Stk. Grie nock., Tomatensauce";-;-;B;super_user
694;"berbackene Semmelkn?del, Champigns.";-;-;B;super_user
695;"Andalusische Zucchini, Pree";-;-;B;super_user
696;"Antipastiteller mit Schafsk?se, Jourgeb?ck";-;-;B;super_user
697;"Apfelbiskuit, Vanillesauce";-;-;B;super_user
698;"Apfelstrudel, Vanillesauce";-;-;B;super_user
699;"Asiat. Nudelpfanne";-;-;B;super_user
700;"Asiatisches Reisgericht mit Gemse";-;-;B;super_user
701;"Basilikums., Safranreis, Fenchelgemse";-;-;B;super_user
702;Bechamelkartoffeln;-;-;B;super_user
703;"Broccolipree, Karottenpree, Pree";-;-;B;super_user
704;"Broccolipree, Pree, Fischhachee";-;-;B;super_user
705;"Bunter Salatteller, Httenk?se";-;-;B;super_user
706;"Bunter Salatteller, Httenk?se, Schwarzbrot";-;-;B;super_user
707;"Bunter Salatteller, Httenk?ser, Schwarzbrot";-;-;B;super_user
708;"Burgunderschinken, Becel, SB, WB";-;-;B;super_user
709;"Camembert geb., Kartoffeln";-;-;B;super_user
710;"Champignonragout , Semmelkn?del";-;-;B;super_user
711;"Champignonragout, Semmelkn?del";-;-;B;super_user
712;Champignontoast;-;-;B;super_user
713;"Cordon Bleu, Butterkartoffeln, Preiselb., Zitrone";-;-;B;super_user
714;"Cremespinat, Fischhachee, Pree";-;-;B;super_user
715;"Cremespinat, Putenhachee, Pree";-;-;B;super_user
716;"Di?textra, 10 g Becel, SB, WB";-;-;B;super_user
717;"Di?textra, Becel, SB,WB";-;-;B;super_user
718;"Di?textra, Butter";-;-;B;super_user
719;"Di?textra, Streichk?se";-;-;B;super_user
720;"Di?textra, Streichk?se, Butter";-;-;B;super_user
721;"Di?textra, Streichk?se, MCT-Margarine";-;-;B;super_user
722;"Di?textra, Streichk?se, Schwarzbrot";-;-;B;super_user
723;"Di?textra, Streichk?se, Wei brot";-;-;B;super_user
724;"Di?textra, Streichk?ser, Wei brot";-;-;B;super_user
725;Ebly-Feinweizenrisotto;-;-;B;super_user
726;"Ebly-Weizen m. Gemse, Kr?utersauce";-;-;B;super_user
727;"Ebly-Weizen m. Schinken, Gemse, Kr?utersauce";-;-;B;super_user
728;"Ebly-Weizen m. Schinken, Gemse, lfr Kr?uters.";-;-;B;super_user
729;"Ebly-Weizen, geb. Karotten-Sellerie";-;-;B;super_user
730;"Ebly-Weizenstrudel, Kr?utersauce";-;-;B;super_user
731;"Edamer, Gemsetopfen";-;-;B;super_user
732;"Edamer, Gemsetopfen, Becel";-;-;B;super_user
733;"Edamer, Gemsetopfen, Butter";-;-;B;super_user
734;"Edamer, Gemsetopfen, Butter, glutenfreies Brot";-;-;B;super_user
735;"Edamer, Gemsetopfen, Butter, Schwarzbrot";-;-;B;super_user
736;"Edamer, Gemsetopfen, Schwarzbrot";-;-;B;super_user
737;"Edamer, Gemsetopfen, Vollkornbrot";-;-;B;super_user
738;"Edamer, Gemsetopfen, Wei brot";-;-;B;super_user
739;"Edamer, Httenk?se, Butter";-;-;B;super_user
740;"Edamer, Httenk?se";-;-;B;super_user
741;"Edamer, Httenk?se,  Butter, Schwarzbrot";-;-;B;super_user
742;"Edamer, Httenk?se, 10 g Butter";-;-;B;super_user
743;"Edamer, Httenk?se, Butter";-;-;B;super_user
744;"Edamer, Httenk?se, Butter, glutenfreies Brot";-;-;B;super_user
745;"Edamer, Httenk?se, Butter, SB, WB";-;-;B;super_user
746;"Edamer, Httenk?se, Butter, Wei brot";-;-;B;super_user
747;"Edamer, Httenk?se, Schwarzbrot";-;-;B;super_user
748;"Edamer, Httenk?se, Wei brot";-;-;B;super_user
749;"Edamer, Kr?utertofen, Butter";-;-;B;super_user
750;"Edamer, Kr?utertopf., MCT-Margarine";-;-;B;super_user
751;"Edamer, Kr?utertopfen";-;-;B;super_user
752;"Edamer, Kr?utertopfen, Butter";-;-;B;super_user
753;"Edamer, Kr?utertopfen, Schwarzbrot";-;-;B;super_user
754;"Edamer, Krengervais, Butter, Schwarzbrot";-;-;B;super_user
755;"Edamer, Liptauer";-;-;B;super_user
756;"Edamer, Liptauer,  Butter";-;-;B;super_user
757;"Edamer, Liptauer, 10 g Becel, Schwarzbrot";-;-;B;super_user
758;"Edamer, Liptauer, 10 g Butter, Schwarzbrot";-;-;B;super_user
759;"Edamer, Liptauer, 3 BE Schwarzbrot";-;-;B;super_user
760;"Edamer, Liptauer, Butter";-;-;B;super_user
761;"Edamer, Liptauer, Butter, Schwarzbrot";-;-;B;super_user
762;"Edamer, Liptauer, Schwarzbrot";-;-;B;super_user
763;"Edamer, Liptauer, Wei brot";-;-;B;super_user
764;"Edamer, Streichk?se mager, Weissbrot";-;-;B;super_user
765;"Edamer, Streichk?se, Lipt., Butter, Schwarzbrot";-;-;B;super_user
766;"Edamer, Streichk?se, Liptauer, Becel, Schwarzbrot";-;-;B;super_user
767;"Edamer, Streichk?se, Liptauer, Butter";-;-;B;super_user
768;"Edamer, Streichk?se, Liptauer, Butter, Wei brot";-;-;B;super_user
769;"Edamer, Streichk?se, Liptauer, Schwarzbrot";-;-;B;super_user
770;Eiernudeln;-;-;B;super_user
771;Eiersp?tzle;-;-;B;super_user
772;"Ente gegr. Thail?nd. Art , Asiagemsenudeln";-;-;B;super_user
773;Erd?pfelwirler;-;-;B;super_user
774;"Fa.Laib. K., Naturs., Pree";-;-;B;super_user
775;"Fa.Laib., Natursauce";-;-;B;super_user
776;"Fa.Laib., Natursauce,  Reis";-;-;B;super_user
777;"Fa.Laib., Natursauce, Reis, Erbsen";-;-;B;super_user
778;"Fa.Laib.K., Naturs., Pree, Karott.";-;-;B;super_user
779;"FaLaib K., Naturs., Pree, Zucch.";-;-;B;super_user
780;"FaLaib, Naturs., Pree, Zucchini";-;-;B;super_user
781;"FaLaib. K., Naturs., Pree, Zucch.";-;-;B;super_user
782;"FaLaib. lfr Naturs., lfr Pree, Zucchini";-;-;B;super_user
783;"FaLaib., Naturs., Pree, Zucchini";-;-;B;super_user
784;"FaLaib., Naturs., Pree";-;-;B;super_user
785;"FaLaib., Natursauce, Pree, Zucchini";-;-;B;super_user
786;"Fasch. Laib., Naturs., Pree, Karotten";-;-;B;super_user
787;"Fasch. Laib., Natursauce, Reis";-;-;B;super_user
788;"Fasch.Laib., Naturs., Pree";-;-;B;super_user
789;"Fasch.Laib.Kalb, Natursauce, Pree";-;-;B;super_user
790;"Faschiertes Laib., Natursauce, Reis";-;-;B;super_user
791;"Feine Nudeln, Schonkostsauce, Zucchinipree";-;-;B;super_user
792;"Fischfilet, Dillsauce, Kartoffeln";-;-;B;super_user
793;"Fischfilet, Dillsauce, Kartoffeln, Karotten";-;-;B;super_user
794;"Fischfilet, Dillsauce, Kartoffeln, Karottengemse";-;-;B;super_user
795;"Fischfilet, gfr. Dills., Kartoffeln, Karottengem.";-;-;B;super_user
796;"Fischfilet, lfr Dillsauce, Kartoffeln, Karotten";-;-;B;super_user
797;"Fischhachee, Pree, Broccolipree";-;-;B;super_user
798;"Fischhachee, Pree, Cremespinat";-;-;B;super_user
799;"Fischragout mit Gemsestreifen, Safranreis";-;-;B;super_user
800;"Fleischk?se fein garniert, SB, WB";-;-;B;super_user
801;"Fleischk?se, Bratensauce, Pree, Senf";-;-;B;super_user
802;"Fleischk?se, Pree, Senfragout";-;-;B;super_user
803;"Frankfurter, Senf";-;-;B;super_user
804;"Franz. Salat, gekochte Eier";-;-;B;super_user
805;"Franz.Salat, Schwarzbrot";-;-;B;super_user
806;"Geb. Gemsesu., SB,WB";-;-;B;super_user
807;"Geb. Kaskn?del, warmer Krautsalat";-;-;B;super_user
808;"Geflgelhachee, Pree, Selleriepree";-;-;B;super_user
809;"Geflgelroulade Florentina, Pilzsautee, Reis, Zuckerschoten";-;-;B;super_user
810;"Geflgelhachee, Pree, Selleriepree";-;-;B;super_user
811;"Geflgelsalat mit Joghurt, Sesamsemmel";-;-;B;super_user
812;"Geflgelsalat o. Tom., Butter";-;-;B;super_user
813;"Geflgelsalat o. Tomaten, 10 g Butter";-;-;B;super_user
814;"Geflgelsalat sfr, SB,WB";-;-;B;super_user
815;"Gegrilltes Maishuhn, Sauerrahmdip";-;-;B;super_user
816;"Gekochtes Rindfleisch, Krens., Bratkart.";-;-;B;super_user
817;Gemselasagne;-;-;B;super_user
818;"Gemseeintopf, Kartoffeln";-;-;B;super_user
819;Gemselasagne;-;-;B;super_user
820;"Gemseplatte, Kartoffeln";-;-;B;super_user
821;Gemserisotto;-;-;B;super_user
822;"Gemserisotto o.Schwarzwurzeln";-;-;B;super_user
823;"Gemserisotto, Reibk?se";-;-;B;super_user
824;"Gemsesalat LVK, Weissbrot";-;-;B;super_user
825;"Gemsesalat LVK, Wei brot";-;-;B;super_user
826;"Gemsesalat sfr, 10 g Butter";-;-;B;super_user
827;Gemsetopfen;-;-;B;super_user
828;"Gemsetopfen, 10g Butter";-;-;B;super_user
829;"Gemsetopfen, Httenk?se";-;-;B;super_user
830;"Gemsetopfen, Httenk?se sfr, Butter";-;-;B;super_user
831;"Gerstlsu. m.Selchfl., SB, WB";-;-;B;super_user
832;Gerstlsu.+Selchfl.;-;-;B;super_user
833;"gfr. Fasch. Laibchen , gfr. Naturs., Pree, Zucchini";-;-;B;super_user
834;"gfr. Kartoffelgratin, m. Schinken";-;-;B;super_user
835;"gfr. Nudeln, gfr. Schinkensauce";-;-;B;super_user
836;"gfr. Schinkennud.";-;-;B;super_user
837;"gfr. Schw.Ragout, Reis";-;-;B;super_user
838;"gfr. Schweineschn., gfr. Naturs., Kartoffeln, Karotten";-;-;B;super_user
839;"Glacierte Kalbsstelze, G?rtnerin Art, Farfalle";-;-;B;super_user
840;"glutfr. Kalbsragout, Reis, Broccoli";-;-;B;super_user
841;"glutfr. Nudeln, glutfr. Gemsesugo";-;-;B;super_user
842;"glutfr. Schweinsgeschn., Polenta, Grilltomate";-;-;B;super_user
843;"glutfr. Schweinsragout, Pree, Zucchini";-;-;B;super_user
844;"glutfr. berbackene Polenta";-;-;B;super_user
845;"Gnocchi a la Romana, tomatisiertes Gemse";-;-;B;super_user
846;"Griessauflauf mit ?pfel";-;-;B;super_user
847;"Grie gnocchi, legierte Karotten";-;-;B;super_user
848;"Griessmus, Zimt-Streussse";-;-;B;super_user
849;"Grie mus, Zimt-Streus e";-;-;B;super_user
850;"Grie mus, Zimt-Streus e, zerlassene Butter";-;-;B;super_user
851;"Griessmus, Zimt-Zucker";-;-;B;super_user
852;"Grie mus, Zimt-Zucker";-;-;B;super_user
853;"Grie schmarrn, Zucker";-;-;B;super_user
854;"Gulaschsuppe  mit Frankfurter";-;-;B;super_user
855;"Gulaschsuppe, SB,WB";-;-;B;super_user
856;"Gulaschsuppe, Schwarzbrot";-;-;B;super_user
857;"Hhnerbrust, Paprikasauce,  Reis";-;-;B;super_user
858;"Hhnerbrust, Paprikasauce,  Reis, Broccoli";-;-;B;super_user
859;"Hhnerbrust, Paprikasauce, Reis";-;-;B;super_user
860;"Hhnerbrust, Paprikasauce, Reis, Broccoli";-;-;B;super_user
861;"Hackfleischb?llchen, Tomatensauce, Pree";-;-;B;super_user
862;"Hackfleischb?llchen, Tomatensauce, Pree, ";-;-;B;super_user
863;"Haferbrei, Zimt-Streussse";-;-;B;super_user
864;"Haferbrei, Zimt-Streus e";-;-;B;super_user
865;"Haferbrei, Zimt-Zucker";-;-;B;super_user
866;"Huftsteak, Demi Glace, berbackene Ofenkartoffel";-;-;B;super_user
867;"Hhnerbrust, Paprikasauce, Reis";-;-;B;super_user
868;"Hhnerbrust, Paprikasauce, Reis, Erbsen";-;-;B;super_user
869;"Hhnerbrust, Redcurry-Kokos, Duftreis, ";-;-;B;super_user
870;"Hhnerschnitzel geb., Kartoffeln, Zitrone";-;-;B;super_user
871;"Httenk?se, Butter, Gem.topfen";-;-;B;super_user
872;"Httenk?se, Butter, Kr?utertopfen";-;-;B;super_user
873;"Httenk?se, Edamer, Schwarzbrot";-;-;B;super_user
874;"Httenk?se, Liptauer, Butter, Schwarzbrot";-;-;B;super_user
875;"Httenk?se, Streichk?se, Butter";-;-;B;super_user
876;"Ita. Salat o.Tom., SB, WB";-;-;B;super_user
877;"Ita. Salat o.Tom., Schwarzbrot";-;-;B;super_user
878;"Italienischer Salat, SB+WB";-;-;B;super_user
879;"Italienischer Salat, Schwarzbrot";-;-;B;super_user
880;"Italienischer Salat, Wei brot";-;-;B;super_user
881;"K.braten, Naturs., Reis, LVK Gemse";-;-;B;super_user
882;"K.geschn., Reis, LVK-Gemse";-;-;B;super_user
883;"K.Ragout, Nud. m. Gemsestr.";-;-;B;super_user
884;"K.Ragout, Sp?tzle";-;-;B;super_user
885;"K.Ragout, Sp?tzle m. Gemsestr.";-;-;B;super_user
886;"K.schnitz., Naturs., Eblyweizen, Grilltomate";-;-;B;super_user
887;"K.schnitzel, Natursc., Eblyweizen, Grilltomate";-;-;B;super_user
888;"Kaiserschmarrn, Zwetschkenr?ster";-;-;B;super_user
889;"Kalbsbraten, gfr. Naturs., Kartoffeln, Zucchini";-;-;B;super_user
890;"Kalbsbraten, gfr. Naturs., Pree, Zucchini";-;-;B;super_user
891;"Kalbsbraten, Kr?uters., S.Kn?.";-;-;B;super_user
892;"Kalbsbraten, Kr?uters., S.Kn?., Zucchini";-;-;B;super_user
893;"Kalbsbraten, Kr?utersauce";-;-;B;super_user
894;"Kalbsbraten, Kr?utersauce, S.Kn?., Zucchini";-;-;B;super_user
895;"Kalbsbraten, Kr?utersauce, Semmelkn?del";-;-;B;super_user
896;"Kalbsbraten, lfr Natursauce, Kartoffeln, Zucchini";-;-;B;super_user
897;"Kalbsbraten, lfr Natursauce, lfr Pree, Zucchini";-;-;B;super_user
898;"Kalbsbraten, Natursauce, Gemsereis";-;-;B;super_user
899;"Kalbsbraten, Natursauce, Kartoffeln";-;-;B;super_user
900;"Kalbsbraten, Natursauce, Kartoffeln, Zucchini";-;-;B;super_user
901;"Kalbsbraten, Natursauce, Reis";-;-;B;super_user
902;"Kalbsbraten, Salbeisaft, Kart.gratin, Karot.flan";-;-;B;super_user
903;"Kalbschnitzel, Kr?utersauce, Gemsenudeln";-;-;B;super_user
904;"Kalbsgeschn.  glutfr., Reis, Broccoli";-;-;B;super_user
905;"Kalbsgeschn. Lfr, Kartof., SellerieKarotten";-;-;B;super_user
906;"Kalbsgeschn., Eblyweizen, Karotten";-;-;B;super_user
907;"Kalbsgeschn., Kart., SellerieKarotten";-;-;B;super_user
908;"Kalbsgeschn., Kartof., SellerieKarotten";-;-;B;super_user
909;"Kalbsgeschn., Kartof.,SellerieKarotten";-;-;B;super_user
910;"Kalbsgeschn., Nudeln, Broccoli";-;-;B;super_user
911;"Kalbsgeschn., Nudeln, Karotten";-;-;B;super_user
912;"Kalbsgeschn., Polenta, Grilltomate";-;-;B;super_user
913;"Kalbsgeschn., S.Kn?d., Zucchini";-;-;B;super_user
914;"Kalbsgeschnetz., Eblyweizen, Grilltomate";-;-;B;super_user
915;"Kalbsgeschnetz., Kartof., Sell.Karottengem.";-;-;B;super_user
916;"Kalbsgeschnetz., Sem.kn?d., Grilltom.";-;-;B;super_user
917;"Kalbsgeschnetzeltes, Gemsenudeln";-;-;B;super_user
918;"Kalbsgeschnetzeltes, Kartoffeln";-;-;B;super_user
919;"Kalbsgeschnetzeltes, Nudeln";-;-;B;super_user
920;"Kalbsgeschnetzeltes, Nudeln, Broccoli";-;-;B;super_user
921;"Kalbsgeschnetzeltes, Reis";-;-;B;super_user
922;"Kalbsgeschnetzeltes, Reis, Broccoli";-;-;B;super_user
923;"Kalbshachee,  Pree, Krbispree";-;-;B;super_user
924;"Kalbshachee, Pree, Krbispree";-;-;B;super_user
925;"Kalbshachee, Pree, Karottenpree";-;-;B;super_user
926;"Kalbshachee, Pree, Krbispree";-;-;B;super_user
927;"Kalbsragout Italia, Mandelb?llchen";-;-;B;super_user
928;"Kalbsragout, Reis";-;-;B;super_user
929;"Kalbsragout, Reis, Broccoli";-;-;B;super_user
930;"Kalbsragout, S.Kn?del, Zucchini";-;-;B;super_user
931;"Kalbsragout, Semmelkn?del";-;-;B;super_user
932;"Kalbsrckenfilet, Pilzrahm, Dinkelmaccaroni, Minikarotten";-;-;B;super_user
933;"Kalbsschn., Naturs., Eblyweizen, Karotten";-;-;B;super_user
934;"Kalbsschnitzel , Kr?utersauce,  Gemsenudeln";-;-;B;super_user
935;"Kalbstafelspitz, Rahmsauce mit Schnittlauch, R?stkartoffeln, Blattspinat";-;-;B;super_user
936;"K?rntner K?senudeln, braune Butter";-;-;B;super_user
937;"Karottenflan, Pree, Kr?uters.";-;-;B;super_user
938;"Karottenflan,, Kr?uters., Pree";-;-;B;super_user
939;"Kart.gr. m. Schinken, und Zucchini, Kr?uters.";-;-;B;super_user
940;"Kart.-Kr?uterr?. gef., Blaukraut";-;-;B;super_user
941;"Kart.-Kr?uterr?s. gef., Blaukraut";-;-;B;super_user
942;"Kartof.grat. m. Schin., Kr?utersauce";-;-;B;super_user
943;Kartoffelgratin;-;-;B;super_user
944;"Kartoffelgratin mit Schinken";-;-;B;super_user
945;"Kartoffelgratin mit Zucchini";-;-;B;super_user
946;"Kartoffelgratin mit Zucchini und Schinken";-;-;B;super_user
947;"Kartoffelgratin, m. Schinken";-;-;B;super_user
948;"Kartoffelgr?stl, Schweinefilet, Natursaft";-;-;B;super_user
949;"Kartoffelgulasch mit Gurke";-;-;B;super_user
950;"Kartoffelgulasch mit Wrstl";-;-;B;super_user
951;"Kartoffel-Gurkensalat  , geb. Hhnerfilets, Cocktailsc. Zitrone";-;-;B;super_user
952;"Kartoffellaibchen, geb. Gemsejulienne";-;-;B;super_user
953;"Kartoffeln gefllt, Mischgemse";-;-;B;super_user
954;"Kartoffelpuffer, Knob.Kr?u.dip";-;-;B;super_user
955;"Kartoffelpuffer, Lauchgemse";-;-;B;super_user
956;"Kartoffelstrudel, Krbissauce";-;-;B;super_user
957;"K?se Sp?tzle inkl. R?stzwiebel";-;-;B;super_user
958;"K?sekn?del geb., warmer Krautsalat";-;-;B;super_user
959;"K?sesalat, SB,WB";-;-;B;super_user
960;"K?sesalat, Schwarzbrot";-;-;B;super_user
961;"K?sesalat, Wei brot";-;-;B;super_user
962;"K?sesp?tzle inkl. R?stzwiebel";-;-;B;super_user
963;"K?sesp?tzle, Natursauce";-;-;B;super_user
964;"K?skn?del geb., warmer Krautsalat";-;-;B;super_user
965;"K?nigsberg. Kl?pse gfr., gfr. Kaperns., Gemser.";-;-;B;super_user
966;"K?nigsberg. Kl?pse, Kaperns., Gemsereis";-;-;B;super_user
967;"K?nigsberg. Kl?pse, Kaperns., Reis";-;-;B;super_user
968;"K?nigsberg. Kl?pse, Kapernsauce, Reis";-;-;B;super_user
969;"K?nigsberg. Kl?pse, Rahms., Gemsereis";-;-;B;super_user
970;"K?nigsberg.Kl?pse, Kaperns., Reis";-;-;B;super_user
971;"K?nigsberger Kl?pse lfr, lfr. Kaperns., Gemser";-;-;B;super_user
972;"Krakauer garn., Becel";-;-;B;super_user
973;"Krakauer, Httenk?se, Butter";-;-;B;super_user
974;"Krakauer, Httenk?se, Becel, Schwarzbrot";-;-;B;super_user
975;"Krakauer, Httenk?se, Schwarzbrot";-;-;B;super_user
976;"Krakauer, Kr?utertopfen, Becel, Schwarzbrot";-;-;B;super_user
977;"Krakauer, Kr?utertopfen, Butter";-;-;B;super_user
978;"Krakauer, Kr?utertopfen, Schwarzbrot";-;-;B;super_user
979;"Krakauer, Schwarzbrot, Httenk?se, Butter";-;-;B;super_user
980;"Kr?uterreis, geb. Karott Broccoli";-;-;B;super_user
981;"Kr?uterreis, geb. Karott. Broccoli";-;-;B;super_user
982;"Kr?utertopfen, Butter, SB+WB";-;-;B;super_user
983;"Kr?utertopfen, Httenk?., 10g Butter";-;-;B;super_user
984;"Kr?utertopfen, Httenk?., Butter, Schwarzbrot";-;-;B;super_user
985;"Kr?utertopfen, Httenk?se, Butter";-;-;B;super_user
986;"Kr?utertopfen, SB, WB, Httenk. sfr, 10 g Butter";-;-;B;super_user
987;"Kr?utertopfen, Schwarzbrot, Httenk?se, Butter";-;-;B;super_user
988;"Kr?utertopfen, Streichk?se, Liptauer, Butter, Schwarzbrot";-;-;B;super_user
989;Krautfleckerl;-;-;B;super_user
990;"Krautstrudel, Kartoffeln";-;-;B;super_user
991;"Krbispudding, Pree";-;-;B;super_user
992;"Krbispudding, Rahms. o. Kr?uter";-;-;B;super_user
993;"Krbis-Zucchini-Aufl., Kartoffeln";-;-;B;super_user
994;"Lachsf. ged., Kartoffel, Krbiss.,Mischgemse";-;-;B;super_user
995;"Lachsfi. ged., Kartoffel, Krbiss,Mischgemse";-;-;B;super_user
996;"Lachsfilet ged., Krbissauce, Kartoffeln";-;-;B;super_user
997;"Lachsfilet ged., Krbissauce, Kartoffeln";-;-;B;super_user
998;"Lachsfilet, Basilikums., Kartoffeln, Fenchelgem.";-;-;B;super_user
999;"Lachsfilet, Basilikums., Safranreis";-;-;B;super_user
1000;"Lachsfilet, Basilikums., Safranreis, Fenchelgem.";-;-;B;super_user
1001;"Lachsfilet, Dillsauce, 2 BE Kartoff.";-;-;B;super_user
1002;"Lachsfilet, Dillsauce, Kartoffeln";-;-;B;super_user
1003;"Lachsfilet, Dillsauce, Kartoffeln, Broccoli";-;-;B;super_user
1004;"Lachsfilet, Dillsauce, Kartoffeln, Karotten";-;-;B;super_user
1005;"Lachsfilet, Kartoffeln, C.Spinat";-;-;B;super_user
1006;"Lachsforellenfilet, Sce. Holland., Kartoff.";-;-;B;super_user
1007;"Lammkeule gebr., Polenta, Spinatsockel";-;-;B;super_user
1008;Lasagne;-;-;B;super_user
1009;"Lauchkuchen, Kartoffeln";-;-;B;super_user
1010;"Lauchkuchen, Samtsauce, Pree";-;-;B;super_user
1011;"Letschogem., Reis";-;-;B;super_user
1012;"lfr Eiernudeln";-;-;B;super_user
1013;"lfr Kalbsgeschn., Reis, Broccoli";-;-;B;super_user
1014;"lfr Kalbsragout, Reis, Broccoli";-;-;B;super_user
1015;"lfr Schweinsgeschn., Polenta, Grilltomate";-;-;B;super_user
1016;"lfr Schweinsragout, lfr Pree, Zucchini";-;-;B;super_user
1017;"Liptauer, Butter";-;-;B;super_user
1018;"Liptauer, Edamer, Becel, Schwarzbrot";-;-;B;super_user
1019;"Liptauer, Edamer, Butter, SB, WB";-;-;B;super_user
1020;"Liptauer, Edamer, Butter, Schwarzbrot";-;-;B;super_user
1021;"Liptauer, Edamer, Butter, Wei brot";-;-;B;super_user
1022;"Liptauer, Edamer, Schwarzbrot";-;-;B;super_user
1023;"LVK Gemsepl., Kartoffeln";-;-;B;super_user
1024;"Maccaroni, Arrabbiata";-;-;B;super_user
1025;"Maccaroni, Arrabbiata";-;-;B;super_user
1026;"Magerk?se, Gemsetopfen";-;-;B;super_user
1027;"Magerk?se, Gemsetopfen, Wei brot";-;-;B;super_user
1028;"Magerk?se, Httenk?se";-;-;B;super_user
1029;"Magerk?se, Httenk?se, MCT-Marg.";-;-;B;super_user
1030;"Magerk?se, Httenk?se, Wei brot";-;-;B;super_user
1031;"Magerk?se, Kr?uterto., Wei brot";-;-;B;super_user
1032;"Magerk?se, Kr?utertopf., 10 g Butter";-;-;B;super_user
1033;"Magerk?se, Kr?utertopfen, Schwarzbrot";-;-;B;super_user
1034;"Magerk?se, SB, WB, Kr?utertopfen, MCT-Marg.";-;-;B;super_user
1035;"Magerk?se, Schwarzbrot, Kr?utertopfen, 10 g Becel";-;-;B;super_user
1036;"Magerk?se, Streichk?se";-;-;B;super_user
1037;"Magerk?se, Streichk?se, MCT-Margarine";-;-;B;super_user
1038;"Magerk?se, Streichk?se, Schwarzbrot";-;-;B;super_user
1039;"Magerk?se,Gemsetopf., MCT-Margarine";-;-;B;super_user
1040;"Maisgriessmus, Zimt-Streussse";-;-;B;super_user
1041;"Maisgrie mus, Zimt-Streus e";-;-;B;super_user
1042;"Maisgriessmus, Zimt-Zucker";-;-;B;super_user
1043;"Maisgrie mus, Zimt-Zucker";-;-;B;super_user
1044;Maispizza;-;-;B;super_user
1045;Marillenpalatschinken;-;-;B;super_user
1046;"Milchreis, Zimt-Streussse";-;-;B;super_user
1047;"Milchreis, Zimt-Streus e";-;-;B;super_user
1048;"Milchreis, Zimt-Zucker";-;-;B;super_user
1049;"Mozzarella , Essig/?l";-;-;B;super_user
1050;"Mozzarella , Essig/?l, SB, WB";-;-;B;super_user
1051;"Mozzarella , Essig/?l, Wei brot";-;-;B;super_user
1052;"Mozzarella, Essig / ?l sfr";-;-;B;super_user
1053;"Mozzarella, Essig und ?l";-;-;B;super_user
1054;"Mozzarella, Essig und ?l, Weissbrot";-;-;B;super_user
1055;"Mozzarella, Essig/?l, Schwarzbrot";-;-;B;super_user
1056;"Mozzarella, Essig/?l, Wei brot";-;-;B;super_user
1057;"Natursauce, Pree, Schweineschnitzel";-;-;B;super_user
1058;"Nudelauflauf mit Gemse";-;-;B;super_user
1059;"Nudeln  mit Pilzragout";-;-;B;super_user
1060;"Nudeln , Gemsesugo";-;-;B;super_user
1061;"Nudeln mit Pilzragout";-;-;B;super_user
1062;"Nudeln mit Pilzrgout";-;-;B;super_user
1063;"Nudeln mit, Schinkensauce";-;-;B;super_user
1064;"Nudeln, Gemsesugo";-;-;B;super_user
1065;"Nudeln, lfr Gemsesugo";-;-;B;super_user
1066;"Nudeln, lfr Schinkensauce";-;-;B;super_user
1067;"Nudeln, Pfifferling-Lauchragout";-;-;B;super_user
1068;Nudeln+Schinken.;-;-;B;super_user
1069;"Nudelsalat sfr, SB, WB";-;-;B;super_user
1070;"Nudelsalat SK, Wei brot";-;-;B;super_user
1071;"Ofenkartoffel, Knoblauchs.";-;-;B;super_user
1072;"Ofenkartoffeln, Joghurts.";-;-;B;super_user
1073;"Ofenkartoffeln, Knoblauchs.";-;-;B;super_user
1074;"Ofenkartoffeln, Knoblauchs., Gemse pikant";-;-;B;super_user
1075;"Paprikarisotto mit Jungzwiebel, Saiblingsfilet";-;-;B;super_user
1076;"Pariser, Ht.k?se, Butter, glutenfreies Brot";-;-;B;super_user
1077;"Pariser, Httenk?se, Butter";-;-;B;super_user
1078;"Pariser, Httenk?se, Schwarzbrot";-;-;B;super_user
1079;"Pariser, Httenk?se, Wei brot";-;-;B;super_user
1080;"Pariser, Krengerv., Butter, Wei brot";-;-;B;super_user
1081;"Parmaschinkenplatte, Ciabatta";-;-;B;super_user
1082;"Pellkartoffeln, Butter, Kr?utertopfen";-;-;B;super_user
1083;"Pellkartoffeln, Butter, Liptauer";-;-;B;super_user
1084;"Pellkartoffeln, Kr?utertopfen, Butter";-;-;B;super_user
1085;"Penne, lfr Tomatens.";-;-;B;super_user
1086;"Pfefferlyoner, Emmentaler, Butter";-;-;B;super_user
1087;"Topfenauflauf m. Pfirsichfilets";-;-;B;super_user
1088;"Piccata Milanese, Spaghetti , Tomatensauce";-;-;B;super_user
1089;"Pilzrisotto mit , Garnelenspie ";-;-;B;super_user
1090;"Polenta berbacken";-;-;B;super_user
1091;"Polenta berbacken, Tomatensauce";-;-;B;super_user
1092;"Polenta, Broccolipree, Schwarzwurzelpree";-;-;B;super_user
1093;"Polenta, berbacken";-;-;B;super_user
1094;"Polentabrei, Zimt-Zucker";-;-;B;super_user
1095;"Polentabrei, Zimt-Zucker,";-;-;B;super_user
1096;"Polentalaibchen, geb. Broccoli";-;-;B;super_user
1097;"Putenbrust , glfr. Naturs., Safranreis, Broccoli";-;-;B;super_user
1098;"Putenbrust , lfr Naturs., Reis";-;-;B;super_user
1099;"Putenbrust , Natursauce, Reis";-;-;B;super_user
1100;"Putenbrust , Natursauce, Safranreis";-;-;B;super_user
1101;"Putenbrust , Natursauce, Safranreis, Karotten";-;-;B;super_user
1102;"Putenbrust gebraten, Natursauce, Safranreis";-;-;B;super_user
1103;"Putenbrust, Naturs., Safranreis, Broccoli";-;-;B;super_user
1104;"Putenbrust, Naturs., Safranreis, Karotten";-;-;B;super_user
1105;"Putenbrust, Natursauce, Safranreis, Broccoli";-;-;B;super_user
1106;"Putengeschnetzeltes, Nudeln, Karotten";-;-;B;super_user
1107;"Putengeschnetzeltes, Nudeln, Mischgemse";-;-;B;super_user
1108;"Putenhachee, Pree, Cremespinat";-;-;B;super_user
1109;"Putenhachee, Pree, Karottenpree";-;-;B;super_user
1110;"Putenkrak., Becel, SB, WB";-;-;B;super_user
1111;"PutenKrakauer, 10 g Becel";-;-;B;super_user
1112;"PutenKrakauer, 10 g Butter";-;-;B;super_user
1113;"PutenKrakauer, Butter, Schwarzbrot";-;-;B;super_user
1114;"Putenkrakauer, Gemsesalat, Butter";-;-;B;super_user
1115;"PutenKrakauer, Gemsesalat LVK";-;-;B;super_user
1116;"PutenKrakauer, Gemsesalat LVK, Schwarzbrot";-;-;B;super_user
1117;"PutenKrakauer, Gemsesalat, Schwarzbrot";-;-;B;super_user
1118;"PutenKrakauer, Kr?utertopfen,  Butter";-;-;B;super_user
1119;"PutenKrakauer, Kr?utertopfen, 10g Butter";-;-;B;super_user
1120;"PutenKrakauer, Kr?utertopfen, Butter, Wei brot";-;-;B;super_user
1121;"PutenKrakauer, Magerk?se, MCT-Marg., SB, WB";-;-;B;super_user
1122;"PutenKrakauer, Magerk?se, Schwarzbrot";-;-;B;super_user
1123;"PutenKrakauer, Magerk?se, Wei brot";-;-;B;super_user
1124;"PutenKrakauer, MCT-Margarine";-;-;B;super_user
1125;"PutenKrakauer, SB, WB, Kr?utertopfen, 10g Butter";-;-;B;super_user
1126;"PutenKrakauer, Schwarzbrot, Kr?utertopfen, 10g Butter";-;-;B;super_user
1127;"PutenKrakauer, Wei brot, Kr?utertopfen, 10g Butter";-;-;B;super_user
1128;"Putenschnitzel geb., Kartoffeln, Preiselb., Zitrone";-;-;B;super_user
1129;"Putenschnitzel geb., Kartoffeln, Zitrone, Preiselbeeren";-;-;B;super_user
1130;"Putenschnitzel lfr Natursauce, Nudeln, Mischgemse";-;-;B;super_user
1131;"Putenschnitzel, gfr. Naturs., glutfr. Nudeln";-;-;B;super_user
1132;"Putenschnitzel, glutfr., Naturs., glutfr. Nudeln, Karotten";-;-;B;super_user
1133;"Putenschnitzel, lfr Naturs., Nudeln, Karotten";-;-;B;super_user
1134;"Putenschnitzel, lfr Natursc., Nudeln, Karotten";-;-;B;super_user
1135;"Putenschnitzel, Naturs., Nudeln";-;-;B;super_user
1136;"Putenschnitzel, Naturs., Nudeln, Karotten";-;-;B;super_user
1137;"Putenschnitzel, Naturs., Nudeln, Mischgemse";-;-;B;super_user
1138;"Putenschnitzel, Natursauce, Nudeln";-;-;B;super_user
1139;"Putenschnitzel, Natursauce, Nudeln, Karotten";-;-;B;super_user
1140;"Putenschnitzel, Natursauce, Nudeln, Mischgemse";-;-;B;super_user
1141;"Putensschnitzel, glutfr. Natursc., glutfr. Nudeln, Karotten";-;-;B;super_user
1142;"Putensteak, gfr. Naturs., Reis";-;-;B;super_user
1143;"Putensteak, Kr?uters., Gemser.";-;-;B;super_user
1144;"Putensteak, Kr?utersauce, Gemsereis";-;-;B;super_user
1145;"Putensteak, lfr Naturs., Reis, Mischgem.";-;-;B;super_user
1146;"Putensteak, Naturs.,  Reis, Mischgemse";-;-;B;super_user
1147;"Putensteak, Naturs., Reis, Mischgemse";-;-;B;super_user
1148;"R?ucherfischteller, Kornspitz";-;-;B;super_user
1149;"Reisauflauf mit Pfirsichfilets";-;-;B;super_user
1150;"Reisauflauf mit, Pfirsichfilets";-;-;B;super_user
1151;"Rindfleisch Strog. mit Paprikastreifen und Champ., Sp?tzle";-;-;B;super_user
1152;"Rindfleischsalat  mit Pflcksalat";-;-;B;super_user
1153;"Rindsbra., Wurzelsauce, Nudeln";-;-;B;super_user
1154;"Rindsbraten, Gemses.,  Polenta";-;-;B;super_user
1155;"Rindsbraten, Gemses., Polenta";-;-;B;super_user
1156;"Rindsbraten, Wurzelsauce, Nudeln";-;-;B;super_user
1157;"Rindsbraten, Wurzelsc., Nudeln";-;-;B;super_user
1158;"Rindsgulasch, Semmelkn?del";-;-;B;super_user
1159;"Rindsra., Gurkens., Pree";-;-;B;super_user
1160;"Rindsra., Gurkens., Sp?tzle";-;-;B;super_user
1161;"Rindsragout m. Chilli&kreuzkm , gebr. Couscous  glac.Paprikaw";-;-;B;super_user
1162;"Rindsv?gerl gefllt mit , Karotten, Zwiebeln u. Speck Buttersp?tzle";-;-;B;super_user
1163;"Roastbeefteller, Kalter Braten, Sauce. Tartare";-;-;B;super_user
1164;"Roastbeefteller, Sauce Tartare";-;-;B;super_user
1165;"Rollschink., Krens., Kartoffeln, Wirsing";-;-;B;super_user
1166;"Rollschinken, Krens.";-;-;B;super_user
1167;"Rollschinken, Krens., Kartoffeln";-;-;B;super_user
1168;"Rollschinken, Krens., Kartoffeln, Wirsing";-;-;B;super_user
1169;"Rostbraten, Zwiebelsauce, Farfalle, Speckbohnen";-;-;B;super_user
1170;"R?sti gefllt, Blaukraut";-;-;B;super_user
1171;"R?sti berbacken";-;-;B;super_user
1172;"R?stkartoffeln, C.Spinat, Rhrei";-;-;B;super_user
1173;"R?stkartoffeln, Dillfisolen";-;-;B;super_user
1174;"Rhrei, Pree, glutfr. C.Spinat";-;-;B;super_user
1175;"Rhrei, Pree, Cremespinat";-;-;B;super_user
1176;"Rhrei, Pree, glutfr. Cremespinat";-;-;B;super_user
1177;Safran-Gemse-Risotto;-;-;B;super_user
1178;"Salatplatte, Httenk?se";-;-;B;super_user
1179;"Salatplatte, Kr?utertopfen, Vollkornbrot";-;-;B;super_user
1180;"Salatteller, Kr?utertopfen, SB+WB";-;-;B;super_user
1181;"Salatteller, Kr?utertopfen, Schwarzbrot";-;-;B;super_user
1182;"Saltimbocca mit Salbeisauce, Linguine-Nudeln, mediter.Gem.";-;-;B;super_user
1183;"Saunaschinken, Becel, SB,WB";-;-;B;super_user
1184;"Saunaschinken, Edamer, Becel";-;-;B;super_user
1185;"Saunaschinken, Edamer, Butter";-;-;B;super_user
1186;"Saunaschinken, Edamer, Schwarzbrot";-;-;B;super_user
1187;"Saunaschinken, Streichk?se, 10 g Butter";-;-;B;super_user
1188;"Saunaschinken, Streichk?se, Schwarzbrot";-;-;B;super_user
1189;"Saunaschinken, Streichk?se,10 g Becel, Schwarzbrot";-;-;B;super_user
1190;"Saure Wurst / Extra, Schwarzbrot";-;-;B;super_user
1191;"Saure Wurst m. Extra, SB,WB";-;-;B;super_user
1192;"Scheiterhaufen, ohne Rosinen";-;-;B;super_user
1193;"Scheiterhaufen, Vanillesauce";-;-;B;super_user
1194;"Schinken, Becel";-;-;B;super_user
1195;"Schinken, Edamer, Butter, SB, WB";-;-;B;super_user
1196;"Schinken, glutenfreies Brot, Kr?utertopfen, Butter";-;-;B;super_user
1197;"Schinken, Httenk?se, MCT-Margarine, SB+WB";-;-;B;super_user
1198;"Schinken, Httenk?se, Schwarzbrot";-;-;B;super_user
1199;"Schinken, Kr?utertopfen";-;-;B;super_user
1200;"Schinken, Kr?utertopfen, Butter, SB+WB";-;-;B;super_user
1201;"Schinken, Kr?utertopfen, Butter, Vollkornbrot";-;-;B;super_user
1202;"Schinken, Kr?utertopfen, SB+WB";-;-;B;super_user
1203;"Schinken, Kr?utertopfen, Schwarzbrot";-;-;B;super_user
1204;"Schinken, Kr?utertopfen, Wei brot";-;-;B;super_user
1205;"Schinken, Putenkrak., Butter, glutenfreies Brot";-;-;B;super_user
1206;"Schinken, Putenkrak., MCT-Margarine";-;-;B;super_user
1207;"Schinken, Putenkrak., Schwarzbrot";-;-;B;super_user
1208;"Schinken, Putenkrak., Wei brot";-;-;B;super_user
1209;"Schinken, PutenKrakauer, Butter";-;-;B;super_user
1210;"Schinken, Vollkornbrot, Kr?utertopfen, Becel";-;-;B;super_user
1211;"Schinkenhachee, Pree, Zucchinipree";-;-;B;super_user
1212;"Schinken-K?sesalat, Baguette";-;-;B;super_user
1213;Schinkennudeln;-;-;B;super_user
1214;"Schinkenplatte, Becel, SB WB";-;-;B;super_user
1215;"Schinkenplatte, Becel, SB, WB";-;-;B;super_user
1216;Schinkensp?tzle;-;-;B;super_user
1217;"Schinkenw., Butter, Streichk?se mag.";-;-;B;super_user
1218;"Schinkenw., Streichk?se., MCT-Margarine";-;-;B;super_user
1219;"Schinkenwurst, 10 g Becel";-;-;B;super_user
1220;"Schinkenwurst, Becel, SB, WB";-;-;B;super_user
1221;"Schinkenwurst, Butter, Streichk?se mag., glutenfreies Brot";-;-;B;super_user
1222;"Schinkenwurst, Butter, Wei brot";-;-;B;super_user
1223;"Schinkenwurst, Streichk?se";-;-;B;super_user
1224;"Schinkenwurst, Streichk?se, Schwarzbrot";-;-;B;super_user
1225;"Schinkenwurst, Streichk?se, Weissbrot";-;-;B;super_user
1226;"Schlutzkrapfen, Petersilsauce";-;-;B;super_user
1227;"Schlutzkrapfen, Tomatensauce";-;-;B;super_user
1228;"Schnittk?se, Kr?utertopf., 10 g Butter, Schwarzbrot";-;-;B;super_user
1229;"Schnittk?se, Kr?utertopf., Schwarzbrot, Streichk?se, 10 g Butter";-;-;B;super_user
1230;"Schnittk?se, Kr?utertopfen, Schwarzbrot";-;-;B;super_user
1231;"Schnittk?se, Kr?utertopfen, Streichk?se, Butter, SB, WB";-;-;B;super_user
1232;"Schnittk?se, Streichk?se, 10 g Butter, WB";-;-;B;super_user
1233;"Schnittk?se, Streichk?se, Butter, glutenfreies Brot";-;-;B;super_user
1234;"Schnittk?se, Streichk?se, Butter, SB, WB";-;-;B;super_user
1235;"Schnittk?se, Streichk?se, Kr?utertopfen, Schwarzbrot";-;-;B;super_user
1236;"Schnittk?se, Streichk?se, Schwarzbrot";-;-;B;super_user
1237;"Schnittk?se, Streichk?se, Wei brot";-;-;B;super_user
1238;"Schnittk?se,, Streichk?se, Wei brot";-;-;B;super_user
1239;"Schnittk?seplatte, SB, WB";-;-;B;super_user
1240;"Schnittk?seplatte, Schwarzbrot";-;-;B;super_user
1241;"Schopfbr. Bauernart, Semmelkn.";-;-;B;super_user
1242;"Schw.medaillon, Pf.sauce, R?sti, Vichykarotten";-;-;B;super_user
1243;"Schw.Ragout lfr, Sp?tzle m. Gemsestr.";-;-;B;super_user
1244;"Schw.Ragout, Sp?tzle";-;-;B;super_user
1245;"Schw.Ragout, Sp?tzle m. Gemsestr.";-;-;B;super_user
1246;"Schw.schnitz., glfr.Naturs., Reis, Grilltomate";-;-;B;super_user
1247;"Schw.schnitz., lfr  Naturs., Eblyweizen, Grilltomate";-;-;B;super_user
1248;"Schw.schnitz., Naturs., Eblyweizen";-;-;B;super_user
1249;"Schw.schnitz., Naturs., Eblyweizen, Grilltomate";-;-;B;super_user
1250;"Schw.schnitz., Natursc., Eblyweizen, Grilltomate";-;-;B;super_user
1251;"Schweinefilet, Natursaft, Schupfnud., Broccoliflan";-;-;B;super_user
1252;"Schweinegeschn., Polenta";-;-;B;super_user
1253;"Schweinercken Bauernart, Semmelkn?del,";-;-;B;super_user
1254;"Schweinercken , Bauerna., S.Kn?d.";-;-;B;super_user
1255;"Schweinercken, Bauernart, S.Kn?d.";-;-;B;super_user
1256;"Schweiner., lfr Naturs., Nudeln, Karotten";-;-;B;super_user
1257;"Schweiner., Naturs., Nudeln, Karotten";-;-;B;super_user
1258;"Schweiner., Naturs.gfr., gfr. Nudeln, Karotten";-;-;B;super_user
1259;"Schweiner.,Naturs., Nudeln, Karotten";-;-;B;super_user
1260;"Schweinercken , Naturs., Nudeln, Karotten";-;-;B;super_user
1261;"Schweinercken, Naturs., Nudeln";-;-;B;super_user
1262;"Schweinercken, Naturs., Nudeln, Karotten";-;-;B;super_user
1263;"Schweineschn, Natursc., Pree";-;-;B;super_user
1264;"Schweineschn., lfr Natsc., Eblyweizen, Karotten";-;-;B;super_user
1265;"Schweineschn., Naturs., Eblyweizen";-;-;B;super_user
1266;"Schweineschn., Naturs., Eblyweizen, Karotten";-;-;B;super_user
1267;"Schweineschn., Naturs., Pree  Erbsen";-;-;B;super_user
1268;"Schweineschn., Natursc., Pree, Erbsen";-;-;B;super_user
1269;"Schweineschn., Rahms., Nudeln, Karotten";-;-;B;super_user
1270;"Schweineschnitz., Naturs., Eblyweizen, Karotten";-;-;B;super_user
1271;"Schweineschnitzel, gfr. Naturs., gfr. Gemsenudeln";-;-;B;super_user
1272;"Schweineschnitzel, Kr?uters. Gemsenudeln";-;-;B;super_user
1273;"Schweineschnitzel, Kr?utersauce, Gemsenudeln";-;-;B;super_user
1274;"Schweineschnitzel, lfr Kr?utersauce, Gemsenudeln";-;-;B;super_user
1275;"Schweineschnitzel, Rahms., Nudeln";-;-;B;super_user
1276;"Schweineschnitzel, Rahmsauce, Pree, Erbsen";-;-;B;super_user
1277;"Schweineschnn, Naturs., Pree Erbsen";-;-;B;super_user
1278;"Schweinsgeschn., Polenta";-;-;B;super_user
1279;"Schweinsgeschn., Polenta, Grilltomate";-;-;B;super_user
1280;"Schweinsragout, Polenta";-;-;B;super_user
1281;"Schweinsragout, S.Kn?del, Zucchini";-;-;B;super_user
1282;"Schweinsragout, Semmelkn?del";-;-;B;super_user
1283;"Schweinsschn., Naturs.,  Eblyweizen, Karotten";-;-;B;super_user
1284;"Schweinsschn., Naturs., Eblyweizen, Karotten";-;-;B;super_user
1285;"Schweinsschnitzel, Kr?utersauce, Nudeln";-;-;B;super_user
1286;"Schweinsschnitzel, Kr?utersc., Gemsenudeln";-;-;B;super_user
1287;"Seehecht, Dillsauce, Kartoffeln";-;-;B;super_user
1288;"Seehecht, Dillsauce, Kartoffeln, Broccoli";-;-;B;super_user
1289;"Seehecht, lfr.Basilikumsauce, Safranreis, Fenchelgem.";-;-;B;super_user
1290;"Seehechtf. lfr. Krbissc., Kartoffeln, Mischge.";-;-;B;super_user
1291;"Seehechtf., Basilikums., Safranr., Fenchelgem.";-;-;B;super_user
1292;"Seehechtf., Krbiss., Kartoffeln, MischGemse";-;-;B;super_user
1293;"Seehechtfilet ged., Kartoffeln, C.Spinat";-;-;B;super_user
1294;"Seehechtfilet ged., Krbissauce, Kartoffeln";-;-;B;super_user
1295;"Seehechtfilet ged., Krbissauce, Kartoffeln, MischGemse";-;-;B;super_user
1296;"Seehechtfilet, Basilikums., Kartoffeln";-;-;B;super_user
1297;"Seehechtfilet, Basilikums., Safranreis";-;-;B;super_user
1298;"Seehechtfilet, Basilikums., Safranreis, Fenchelgemse";-;-;B;super_user
1299;"Seehechtfilet, Basilikumsauce, Kartoffeln, Fenchelgem.";-;-;B;super_user
1300;"Seehechtfilet, Basilikumsauce, Safranreis";-;-;B;super_user
1301;"Seehechtfilet, Dillsauce, Kartoffeln";-;-;B;super_user
1302;"Seehechtfilet, glfr. Basilikums., Safranreis";-;-;B;super_user
1303;"Seehechtfilet, Krbissc, MischGemse, Kartoffeln";-;-;B;super_user
1304;"Seehechtfilet, Kartoffel, C.Spinat";-;-;B;super_user
1305;"Seehechtfilet, Kartoffeln, C.Spinat";-;-;B;super_user
1306;"Seehechtfilet, Kr?uters., Kartoff.";-;-;B;super_user
1307;"Seehechtfilet, Kr?uters., Kartoffeln";-;-;B;super_user
1308;"Seehechtfilet, Kr?uters., Kartoffeln, Zucchini";-;-;B;super_user
1309;"Seehechtfilet, Kr?utersauce,  Kartoffel, Zucchini";-;-;B;super_user
1310;"Seehechtfilet, Kr?utersauce, Kartoffeln";-;-;B;super_user
1311;"Seehechtfilet, Krbissauce, Kartoffeln, Mischgemse";-;-;B;super_user
1312;"Seehechtfilet, MischGemse, gfr. Krbiss., Kartoffeln";-;-;B;super_user
1313;"Seehechtfilet, MischGemse, Krbissauce, Kartoffeln";-;-;B;super_user
1314;"Seehechtfilet, Mischgemse, Krbissauce, Kartoffeln";-;-;B;super_user
1315;"Seelachs gebacken, Sauce Tartare, Kartoffeln";-;-;B;super_user
1316;"Seelachs gebacken, Sauce. Tart., Zitrone, Kartoffeln";-;-;B;super_user
1317;"Gerstlsuppe m. Selchfleisch";-;-;B;super_user
1318;"Selchschinken, steir. Kren, Senf, Vollkornbrot";-;-;B;super_user
1319;"Sell.schnitz. geb., Sauce Remoulade Kartoffeln";-;-;B;super_user
1320;"Semmelkn?delscheibe berb., Champigns.";-;-;B;super_user
1321;"Spaghetti, Gemsesugo";-;-;B;super_user
1322;"Sp?tzle, Gemses.";-;-;B;super_user
1323;"Sp?tzle, Paprikarahmsauce";-;-;B;super_user
1324;"Sp?tzle, Paprika-Rahmsauce";-;-;B;super_user
1325;Sp?tzle+Schinken.;-;-;B;super_user
1326;Sp?tzle+Schinkens.;-;-;B;super_user
1327;Sp?tzlepfanne;-;-;B;super_user
1328;"Sp?tzlepfanne m. Gems, und Kr?uter";-;-;B;super_user
1329;"Sp?tzlepfanne m. Gemse, und Kr?uter";-;-;B;super_user
1330;"Sp?tzlepfanne m. Gemse, und Kr?uter ";-;-;B;super_user
1331;"Sp?tzlepfanne, Gemsesauce";-;-;B;super_user
1332;"Sp?tzlepfanne, Pilzgemsesauce";-;-;B;super_user
1333;"Sp?tzlepfanne, Pilz-Gemsesauce";-;-;B;super_user
1334;"Spinatkn?del, Butter zerl., Reibk?se";-;-;B;super_user
1335;"Spinatkn?del, Butter, K?se";-;-;B;super_user
1336;Spinatlasagne;-;-;B;super_user
1337;"Spinatnocken, Krbissauce";-;-;B;super_user
1338;"Spinatnocken, lfr Krbissauce";-;-;B;super_user
1339;"Spinatstrudel, Kartoffeln";-;-;B;super_user
1340;"Spinatstrudel, Rahms.o.Kr?ut., Kartoff.";-;-;B;super_user
1341;"Steir. Nudelpfa. m. Krbiskernen, an Wildlachsmedaillon";-;-;B;super_user
1342;"Steir. Wurzelfleisch, Kmmelkartoffel";-;-;B;super_user
1343;"Steir. Wurzelfleisch, Kmmelkartoffeln";-;-;B;super_user
1344;"Steirisches Backhendl, Kartoffel-Vogerlsalat";-;-;B;super_user
1345;"Streichk?se, Schwarzbrot, Kr?utertopfen, 10 g Butter";-;-;B;super_user
1346;"Thunfischaufstr, Kr?uterto, Burgunderschinken";-;-;B;super_user
1347;"Thunfischsalat Nizza, Butter";-;-;B;super_user
1348;"Tiroler Gr?stl mit gebr. Schweinefilet";-;-;B;super_user
1349;"Tiroler Speckteller, Graukas, Butter";-;-;B;super_user
1350;"Tomaten+Mozzarella, Basilikum-Oliven?l";-;-;B;super_user
1351;"Tomatenfleisch glfr., Polenta, Schwarzwurzeln";-;-;B;super_user
1352;"Tomatenfleisch, lfr., Polenta";-;-;B;super_user
1353;"Tomatenfleisch, Polenta, Schwarzwurzeln";-;-;B;super_user
1354;"Topfenauflauf  mit Pfirsich";-;-;B;super_user
1355;"Topfenauflauf mit Pfirsich";-;-;B;super_user
1356;"Topfenauflauf mit, Pfirsich";-;-;B;super_user
1357;"Topfenauflauf, o. Fruchtstcke o.Zu";-;-;B;super_user
1358;"Tortellini m. Ricotta, Kerbelsauce";-;-;B;super_user
1359;"Tortellini m. Spinatf., Schinkensauce";-;-;B;super_user
1360;"Tortellini m. Spinatf., Schinkensauce, K?se";-;-;B;super_user
1361;"Tortellini m. Spinatf., Tomatensauce";-;-;B;super_user
1362;"Tortellini m., Ricotta, Kerbelsauce";-;-;B;super_user
1363;"Tortellini m.Ric./Spinatf., Kerbelsauce";-;-;B;super_user
1364;"Tortellini m.Ricotta, Kerbelsauce";-;-;B;super_user
1365;"Tortellini m.Spinatf., Schinkensauce";-;-;B;super_user
1366;"Tortellini Prima Vera mit Trffel?l";-;-;B;super_user
1367;"berb. Polentaecken m., pikanter Chorizowurst, schw. Bohnen";-;-;B;super_user
1368;"berb. Schw.schnitzel, Toscana, Rahmsauce, Pree, sun-dried Tomato";-;-;B;super_user
1369;"berb. Semmelkn?del, Champign.s.";-;-;B;super_user
1370;"berb. Semmelkn?del, Champigns.";-;-;B;super_user
1371;"Wachar Butterschnitzel, Rahmsauce, Pree";-;-;B;super_user
1372;"Wiener Schnitzel v. Kalb, Kartoffelsalat, Zitrone";-;-;B;super_user
1373;"Wienerwurst, Tomate, Essiggurkerl, Butter";-;-;B;super_user
1374;Wurst-Gemsesalat;-;-;B;super_user
1375;"Wurst-Gemsesalat,  Wei brot";-;-;B;super_user
1376;"Wurst-Gemsesalat, SB,WB";-;-;B;super_user
1377;"Wurst-Gemsesalat, Schwarzbrot";-;-;B;super_user
1378;"Wurst-Gemsesalat, Wei brot";-;-;B;super_user
1379;Wurstnudeln;-;-;B;super_user
1380;"Wurstsalat mit wenig Gemse";-;-;B;super_user
1381;"Wurstsalat mit wenig Gemse, Wei brot";-;-;B;super_user
1382;"Wurstsalat, SB, WB";-;-;B;super_user
1383;"Wurstsalat, Schwarzbrot";-;-;B;super_user
1384;"Zanderfilet , auf Zitronengrassauce mit Lauchspaghetti";-;-;B;super_user
1385;"Zucchiniaufl., Kartoff., Basilikum-Kr?uters.";-;-;B;super_user
1386;"Zucchinipree, 2 Stk. Grie nock., Tomatensauce";-;-;B;super_user
